date,platform,campaign,spend,clicks,impressions,cost_per_click,click_through_rate
2025-01-01,Google Ads,Brand,345.23,1165,4421,0.3,0.2635
2025-01-01,Meta Ads,Prospecting,427.97,842,7280,0.51,0.1157
2025-01-01,TikTok Ads,Retargeting,380.94,497,40293,0.77,0.0123
2025-01-02,Google Ads,Retargeting,319.52,948,26160,0.34,0.0362
2025-01-02,Meta Ads,Prospecting,401.68,1822,41646,0.22,0.0437
2025-01-02,TikTok Ads,Retargeting,68.61,1353,45287,0.05,0.0299
2025-01-03,Google Ads,Brand,237.96,692,39522,0.34,0.0175
2025-01-03,Meta Ads,Brand,71.84,45,40005,1.6,0.0011
2025-01-03,TikTok Ads,Retargeting,52.42,1636,13688,0.03,0.1195
2025-01-04,Google Ads,Retargeting,80.47,1062,17795,0.08,0.0597
2025-01-04,Meta Ads,Prospecting,222.08,1504,41688,0.15,0.0361
2025-01-04,TikTok Ads,Prospecting,109.24,301,3888,0.36,0.0774
2025-01-05,Google Ads,Brand,81.29,1217,29563,0.07,0.0412
2025-01-05,Meta Ads,Retargeting,480.68,1564,24445,0.31,0.064
2025-01-05,TikTok Ads,Prospecting,300.16,1128,10543,0.27,0.107
2025-01-06,Google Ads,Brand,245.37,1255,23472,0.2,0.0535
2025-01-06,Meta Ads,Prospecting,197.04,36,34926,5.47,0.001
2025-01-06,TikTok Ads,Retargeting,335.68,316,4756,1.06,0.0664
2025-01-07,Google Ads,Brand,263.41,1730,37664,0.15,0.0459
2025-01-07,Meta Ads,Brand,222.59,420,14131,0.53,0.0297
2025-01-07,TikTok Ads,Retargeting,456.08,1628,5482,0.28,0.297
2025-01-08,Google Ads,Prospecting,110.89,994,46533,0.11,0.0214
2025-01-08,Meta Ads,Retargeting,491.32,1248,46378,0.39,0.0269
2025-01-08,TikTok Ads,Prospecting,428.96,1179,22997,0.36,0.0513
2025-01-09,Google Ads,Retargeting,163.82,693,11635,0.24,0.0596
2025-01-09,Meta Ads,Brand,238.07,1636,3765,0.15,0.4345
2025-01-09,TikTok Ads,Prospecting,125.31,27,42862,4.64,0.0006
2025-01-10,Google Ads,Brand,352.75,975,41889,0.36,0.0233
2025-01-10,Meta Ads,Brand,134.73,1524,22726,0.09,0.0671
2025-01-10,TikTok Ads,Retargeting,200.44,839,13074,0.24,0.0642
2025-01-11,Google Ads,Brand,194.15,171,24454,1.14,0.007
2025-01-11,Meta Ads,Brand,286.25,311,20043,0.92,0.0155
2025-01-11,TikTok Ads,Prospecting,113.31,1219,24587,0.09,0.0496
2025-01-12,Google Ads,Brand,488.15,427,13964,1.14,0.0306
2025-01-12,Meta Ads,Prospecting,103.59,1833,18170,0.06,0.1009
2025-01-12,TikTok Ads,Retargeting,103.66,1755,37340,0.06,0.047
2025-01-13,Google Ads,Brand,105.7,64,12539,1.65,0.0051
2025-01-13,Meta Ads,Prospecting,457.11,62,45397,7.37,0.0014
2025-01-13,TikTok Ads,Brand,201.88,1632,8272,0.12,0.1973
2025-01-14,Google Ads,Prospecting,469.33,644,30897,0.73,0.0208
2025-01-14,Meta Ads,Brand,197.43,782,44313,0.25,0.0176
2025-01-14,TikTok Ads,Brand,471.76,1656,41842,0.28,0.0396
2025-01-15,Google Ads,Prospecting,441.63,153,8765,2.89,0.0175
2025-01-15,Meta Ads,Brand,443.71,287,13428,1.55,0.0214
2025-01-15,TikTok Ads,Brand,275.63,1442,25527,0.19,0.0565
2025-01-16,Google Ads,Prospecting,307.78,1322,17026,0.23,0.0776
2025-01-16,Meta Ads,Brand,386.28,1222,13392,0.32,0.0912
2025-01-16,TikTok Ads,Retargeting,161.21,324,22474,0.5,0.0144
2025-01-17,Google Ads,Brand,45.56,1649,19354,0.03,0.0852
2025-01-17,Meta Ads,Brand,428.72,1216,33046,0.35,0.0368
2025-01-17,TikTok Ads,Brand,369.1,1626,31845,0.23,0.0511
2025-01-18,Google Ads,Retargeting,315.15,362,34332,0.87,0.0105
2025-01-18,Meta Ads,Prospecting,380.63,1341,34368,0.28,0.039
2025-01-18,TikTok Ads,Prospecting,259.32,970,12730,0.27,0.0762
2025-01-19,Google Ads,Prospecting,361.99,1096,46515,0.33,0.0236
2025-01-19,Meta Ads,Prospecting,363.51,1033,32048,0.35,0.0322
2025-01-19,TikTok Ads,Prospecting,298.97,1326,39271,0.23,0.0338
2025-01-20,Google Ads,Retargeting,37.57,469,14303,0.08,0.0328
2025-01-20,Meta Ads,Prospecting,434.32,830,15325,0.52,0.0542
2025-01-20,TikTok Ads,Prospecting,224.01,792,38445,0.28,0.0206
2025-01-21,Google Ads,Brand,469.04,786,17680,0.6,0.0445
2025-01-21,Meta Ads,Retargeting,60.68,1559,6506,0.04,0.2396
2025-01-21,TikTok Ads,Prospecting,233.36,740,16084,0.32,0.046
2025-01-22,Google Ads,Retargeting,39.75,1069,41706,0.04,0.0256
2025-01-22,Meta Ads,Prospecting,224.53,977,29344,0.23,0.0333
2025-01-22,TikTok Ads,Prospecting,196.41,1038,21776,0.19,0.0477
2025-01-23,Google Ads,Prospecting,203.54,387,29946,0.53,0.0129
2025-01-23,Meta Ads,Brand,147.5,175,24533,0.84,0.0071
2025-01-23,TikTok Ads,Brand,161.37,1047,34606,0.15,0.0303
2025-01-24,Google Ads,Retargeting,328.95,1629,19115,0.2,0.0852
2025-01-24,Meta Ads,Brand,67.24,166,24608,0.41,0.0067
2025-01-24,TikTok Ads,Brand,282.09,703,13887,0.4,0.0506
2025-01-25,Google Ads,Retargeting,178.04,639,49838,0.28,0.0128
2025-01-25,Meta Ads,Retargeting,425.82,410,47244,1.04,0.0087
2025-01-25,TikTok Ads,Retargeting,499.04,1771,47935,0.28,0.0369
2025-01-26,Google Ads,Retargeting,280.7,554,1559,0.51,0.3554
2025-01-26,Meta Ads,Prospecting,155.29,729,27464,0.21,0.0265
2025-01-26,TikTok Ads,Prospecting,414.49,1571,43946,0.26,0.0357
2025-01-27,Google Ads,Brand,246.56,1069,10783,0.23,0.0991
2025-01-27,Meta Ads,Prospecting,129.24,1501,14754,0.09,0.1017
2025-01-27,TikTok Ads,Prospecting,132.19,1222,37216,0.11,0.0328
2025-01-28,Google Ads,Prospecting,366.8,964,23325,0.38,0.0413
2025-01-28,Meta Ads,Brand,170.28,404,29101,0.42,0.0139
2025-01-28,TikTok Ads,Retargeting,220.49,918,30489,0.24,0.0301
2025-01-29,Google Ads,Retargeting,34.45,304,38847,0.11,0.0078
2025-01-29,Meta Ads,Brand,166.67,1531,1634,0.11,0.937
2025-01-29,TikTok Ads,Prospecting,408.99,1728,24243,0.24,0.0713
2025-01-30,Google Ads,Prospecting,128.24,891,45942,0.14,0.0194
2025-01-30,Meta Ads,Prospecting,386.16,1434,36232,0.27,0.0396
2025-01-30,TikTok Ads,Prospecting,176.52,67,38196,2.63,0.0018
2025-01-31,Google Ads,Brand,462.63,334,22643,1.39,0.0148
2025-01-31,Meta Ads,Retargeting,322.32,1254,40835,0.26,0.0307
2025-01-31,TikTok Ads,Retargeting,436.13,800,14382,0.55,0.0556
2025-02-01,Google Ads,Prospecting,50.58,811,13342,0.06,0.0608
2025-02-01,Meta Ads,Prospecting,72.15,1186,30591,0.06,0.0388
2025-02-01,TikTok Ads,Retargeting,449.48,210,12234,2.14,0.0172
2025-02-02,Google Ads,Brand,343.95,383,3101,0.9,0.1235
2025-02-02,Meta Ads,Retargeting,309.61,74,13235,4.18,0.0056
2025-02-02,TikTok Ads,Brand,53.36,1992,26289,0.03,0.0758
2025-02-03,Google Ads,Prospecting,118.83,616,44225,0.19,0.0139
2025-02-03,Meta Ads,Retargeting,53.59,137,25159,0.39,0.0054
2025-02-03,TikTok Ads,Retargeting,25.3,689,27926,0.04,0.0247
2025-02-04,Google Ads,Prospecting,95.38,246,9463,0.39,0.026
2025-02-04,Meta Ads,Retargeting,220.84,1541,5506,0.14,0.2799
2025-02-04,TikTok Ads,Prospecting,478.45,1792,14531,0.27,0.1233
2025-02-05,Google Ads,Brand,437.82,654,29324,0.67,0.0223
2025-02-05,Meta Ads,Retargeting,339.1,345,40564,0.98,0.0085
2025-02-05,TikTok Ads,Retargeting,470.79,1223,14302,0.38,0.0855
2025-02-06,Google Ads,Retargeting,364.05,959,19051,0.38,0.0503
2025-02-06,Meta Ads,Brand,23.57,312,30211,0.08,0.0103
2025-02-06,TikTok Ads,Brand,415.8,1258,17176,0.33,0.0732
2025-02-07,Google Ads,Retargeting,177.87,1185,33175,0.15,0.0357
2025-02-07,Meta Ads,Prospecting,242.09,100,49319,2.42,0.002
2025-02-07,TikTok Ads,Brand,158.2,1824,30904,0.09,0.059
2025-02-08,Google Ads,Prospecting,356.15,1477,20493,0.24,0.0721
2025-02-08,Meta Ads,Prospecting,314.25,1678,12477,0.19,0.1345
2025-02-08,TikTok Ads,Prospecting,139.58,1863,41483,0.07,0.0449
2025-02-09,Google Ads,Retargeting,227.4,807,44193,0.28,0.0183
2025-02-09,Meta Ads,Brand,355.29,215,26791,1.65,0.008
2025-02-09,TikTok Ads,Retargeting,473.93,510,11350,0.93,0.0449
2025-02-10,Google Ads,Prospecting,443.63,1121,20129,0.4,0.0557
2025-02-10,Meta Ads,Retargeting,459.82,1449,48614,0.32,0.0298
2025-02-10,TikTok Ads,Retargeting,453.07,1881,33341,0.24,0.0564
2025-02-11,Google Ads,Prospecting,496.35,1152,8944,0.43,0.1288
2025-02-11,Meta Ads,Prospecting,56.74,235,34056,0.24,0.0069
2025-02-11,TikTok Ads,Prospecting,216.85,357,17565,0.61,0.0203
2025-02-12,Google Ads,Brand,262.91,966,2750,0.27,0.3513
2025-02-12,Meta Ads,Brand,326.66,1403,31271,0.23,0.0449
2025-02-12,TikTok Ads,Prospecting,184.96,837,13740,0.22,0.0609
2025-02-13,Google Ads,Prospecting,38.13,533,8515,0.07,0.0626
2025-02-13,Meta Ads,Retargeting,460.23,689,44928,0.67,0.0153
2025-02-13,TikTok Ads,Retargeting,242.84,964,5471,0.25,0.1762
2025-02-14,Google Ads,Brand,283.25,516,47765,0.55,0.0108
2025-02-14,Meta Ads,Prospecting,87.32,1700,19293,0.05,0.0881
2025-02-14,TikTok Ads,Brand,101.88,56,40779,1.82,0.0014
2025-02-15,Google Ads,Brand,105.07,274,36039,0.38,0.0076
2025-02-15,Meta Ads,Retargeting,207.61,178,45000,1.17,0.004
2025-02-15,TikTok Ads,Brand,345.14,334,29878,1.03,0.0112
2025-02-16,Google Ads,Prospecting,105.41,1483,3257,0.07,0.4553
2025-02-16,Meta Ads,Retargeting,275.5,925,46661,0.3,0.0198
2025-02-16,TikTok Ads,Brand,421.52,1681,35267,0.25,0.0477
2025-02-17,Google Ads,Retargeting,338.02,1371,7736,0.25,0.1772
2025-02-17,Meta Ads,Prospecting,351.37,929,4435,0.38,0.2095
2025-02-17,TikTok Ads,Retargeting,22.24,1601,25732,0.01,0.0622
2025-02-18,Google Ads,Brand,465.83,787,16632,0.59,0.0473
2025-02-18,Meta Ads,Brand,63.87,883,2831,0.07,0.3119
2025-02-18,TikTok Ads,Brand,181.82,413,45561,0.44,0.0091
2025-02-19,Google Ads,Retargeting,50.32,1983,7330,0.03,0.2705
2025-02-19,Meta Ads,Retargeting,100.58,362,3884,0.28,0.0932
2025-02-19,TikTok Ads,Prospecting,266.0,1690,22439,0.16,0.0753
2025-02-20,Google Ads,Prospecting,289.79,408,41938,0.71,0.0097
2025-02-20,Meta Ads,Brand,468.48,829,29041,0.57,0.0285
2025-02-20,TikTok Ads,Brand,131.56,236,24368,0.56,0.0097
2025-02-21,Google Ads,Prospecting,103.34,843,43860,0.12,0.0192
2025-02-21,Meta Ads,Prospecting,25.75,455,31066,0.06,0.0146
2025-02-21,TikTok Ads,Brand,51.69,1689,19248,0.03,0.0877
2025-02-22,Google Ads,Retargeting,319.48,109,5412,2.93,0.0201
2025-02-22,Meta Ads,Brand,217.33,1591,40247,0.14,0.0395
2025-02-22,TikTok Ads,Prospecting,491.89,228,47696,2.16,0.0048
2025-02-23,Google Ads,Retargeting,399.8,1908,38303,0.21,0.0498
2025-02-23,Meta Ads,Brand,140.93,214,40312,0.66,0.0053
2025-02-23,TikTok Ads,Prospecting,491.08,1446,26465,0.34,0.0546
2025-02-24,Google Ads,Retargeting,463.79,1599,46463,0.29,0.0344
2025-02-24,Meta Ads,Brand,179.38,1321,46064,0.14,0.0287
2025-02-24,TikTok Ads,Prospecting,489.45,1384,32596,0.35,0.0425
2025-02-25,Google Ads,Brand,180.85,1266,39340,0.14,0.0322
2025-02-25,Meta Ads,Prospecting,203.54,1331,49615,0.15,0.0268
2025-02-25,TikTok Ads,Brand,261.64,1463,1871,0.18,0.7819
2025-02-26,Google Ads,Brand,30.18,1574,9130,0.02,0.1724
2025-02-26,Meta Ads,Prospecting,133.47,897,16961,0.15,0.0529
2025-02-26,TikTok Ads,Retargeting,58.11,301,25544,0.19,0.0118
2025-02-27,Google Ads,Prospecting,162.38,330,25625,0.49,0.0129
2025-02-27,Meta Ads,Brand,328.18,507,48533,0.65,0.0104
2025-02-27,TikTok Ads,Retargeting,494.5,928,49447,0.53,0.0188
2025-02-28,Google Ads,Prospecting,84.45,670,43179,0.13,0.0155
2025-02-28,Meta Ads,Brand,270.02,869,43470,0.31,0.02
2025-02-28,TikTok Ads,Prospecting,380.26,489,49029,0.78,0.01
2025-03-01,Google Ads,Prospecting,184.51,441,36344,0.42,0.0121
2025-03-01,Meta Ads,Brand,455.18,1381,17275,0.33,0.0799
2025-03-01,TikTok Ads,Retargeting,354.21,475,40850,0.75,0.0116
2025-03-02,Google Ads,Prospecting,270.31,395,29990,0.68,0.0132
2025-03-02,Meta Ads,Retargeting,22.9,1801,33220,0.01,0.0542
2025-03-02,TikTok Ads,Brand,477.76,126,42573,3.79,0.003
2025-03-03,Google Ads,Brand,470.37,277,7013,1.7,0.0395
2025-03-03,Meta Ads,Brand,304.46,1722,14393,0.18,0.1196
2025-03-03,TikTok Ads,Brand,263.56,892,48512,0.3,0.0184
2025-03-04,Google Ads,Prospecting,169.5,1497,13945,0.11,0.1074
2025-03-04,Meta Ads,Brand,223.53,1260,17316,0.18,0.0728
2025-03-04,TikTok Ads,Prospecting,156.97,938,42654,0.17,0.022
2025-03-05,Google Ads,Brand,150.49,1620,32534,0.09,0.0498
2025-03-05,Meta Ads,Brand,476.49,756,27099,0.63,0.0279
2025-03-05,TikTok Ads,Prospecting,100.53,923,28701,0.11,0.0322
2025-03-06,Google Ads,Retargeting,312.51,907,11215,0.34,0.0809
2025-03-06,Meta Ads,Prospecting,29.51,801,29009,0.04,0.0276
2025-03-06,TikTok Ads,Brand,384.25,1907,20675,0.2,0.0922
2025-03-07,Google Ads,Retargeting,277.85,1152,48621,0.24,0.0237
2025-03-07,Meta Ads,Brand,143.5,969,21044,0.15,0.046
2025-03-07,TikTok Ads,Prospecting,155.95,1171,40716,0.13,0.0288
2025-03-08,Google Ads,Prospecting,54.53,299,47849,0.18,0.0062
2025-03-08,Meta Ads,Prospecting,113.94,1896,13427,0.06,0.1412
2025-03-08,TikTok Ads,Brand,26.16,1045,48865,0.03,0.0214
2025-03-09,Google Ads,Retargeting,199.64,848,28251,0.24,0.03
2025-03-09,Meta Ads,Prospecting,485.84,784,26168,0.62,0.03
2025-03-09,TikTok Ads,Prospecting,167.75,1224,5668,0.14,0.2159
2025-03-10,Google Ads,Prospecting,444.8,1907,9157,0.23,0.2083
2025-03-10,Meta Ads,Prospecting,467.42,352,13728,1.33,0.0256
2025-03-10,TikTok Ads,Prospecting,479.41,1599,48333,0.3,0.0331
2025-03-11,Google Ads,Prospecting,264.61,1020,42614,0.26,0.0239
2025-03-11,Meta Ads,Retargeting,196.73,138,43657,1.43,0.0032
2025-03-11,TikTok Ads,Prospecting,464.73,1526,17173,0.3,0.0889
2025-03-12,Google Ads,Brand,249.31,1907,24685,0.13,0.0773
2025-03-12,Meta Ads,Retargeting,359.15,77,46709,4.66,0.0016
2025-03-12,TikTok Ads,Retargeting,329.76,555,40677,0.59,0.0136
2025-03-13,Google Ads,Prospecting,473.25,321,17665,1.47,0.0182
2025-03-13,Meta Ads,Brand,309.03,1969,44424,0.16,0.0443
2025-03-13,TikTok Ads,Brand,25.92,1598,7049,0.02,0.2267
2025-03-14,Google Ads,Retargeting,361.57,807,27061,0.45,0.0298
2025-03-14,Meta Ads,Retargeting,301.36,1865,6265,0.16,0.2977
2025-03-14,TikTok Ads,Retargeting,456.78,1814,28718,0.25,0.0632
2025-03-15,Google Ads,Brand,418.28,537,46340,0.78,0.0116
2025-03-15,Meta Ads,Prospecting,260.31,1111,44154,0.23,0.0252
2025-03-15,TikTok Ads,Prospecting,301.32,1523,27975,0.2,0.0544
2025-03-16,Google Ads,Retargeting,437.32,243,42692,1.8,0.0057
2025-03-16,Meta Ads,Retargeting,392.81,725,10352,0.54,0.07
2025-03-16,TikTok Ads,Prospecting,379.39,1924,27081,0.2,0.071
2025-03-17,Google Ads,Retargeting,167.89,364,33225,0.46,0.011
2025-03-17,Meta Ads,Brand,66.5,1604,46633,0.04,0.0344
2025-03-17,TikTok Ads,Prospecting,271.98,1360,19896,0.2,0.0684
2025-03-18,Google Ads,Retargeting,226.86,381,25553,0.6,0.0149
2025-03-18,Meta Ads,Brand,357.94,425,32881,0.84,0.0129
2025-03-18,TikTok Ads,Brand,261.25,245,30534,1.07,0.008
2025-03-19,Google Ads,Retargeting,410.9,400,14168,1.03,0.0282
2025-03-19,Meta Ads,Brand,379.96,1677,13575,0.23,0.1235
2025-03-19,TikTok Ads,Prospecting,491.81,1805,27790,0.27,0.065
2025-03-20,Google Ads,Prospecting,320.88,1298,8156,0.25,0.1591
2025-03-20,Meta Ads,Retargeting,99.74,620,6616,0.16,0.0937
2025-03-20,TikTok Ads,Prospecting,79.85,151,23423,0.53,0.0064
2025-03-21,Google Ads,Brand,301.11,998,32797,0.3,0.0304
2025-03-21,Meta Ads,Retargeting,385.06,39,5001,9.87,0.0078
2025-03-21,TikTok Ads,Prospecting,380.86,34,44602,11.2,0.0008
2025-03-22,Google Ads,Retargeting,398.82,105,7346,3.8,0.0143
2025-03-22,Meta Ads,Brand,270.72,34,25619,7.96,0.0013
2025-03-22,TikTok Ads,Retargeting,269.64,1990,18421,0.14,0.108
2025-03-23,Google Ads,Prospecting,247.15,710,40608,0.35,0.0175
2025-03-23,Meta Ads,Prospecting,181.54,1416,23483,0.13,0.0603
2025-03-23,TikTok Ads,Prospecting,412.09,1947,24672,0.21,0.0789
2025-03-24,Google Ads,Retargeting,211.27,1270,4751,0.17,0.2673
2025-03-24,Meta Ads,Prospecting,439.08,1671,7565,0.26,0.2209
2025-03-24,TikTok Ads,Brand,239.32,1450,27332,0.17,0.0531
2025-03-25,Google Ads,Retargeting,421.0,1914,10100,0.22,0.1895
2025-03-25,Meta Ads,Brand,308.92,1799,35775,0.17,0.0503
2025-03-25,TikTok Ads,Prospecting,476.51,1558,17288,0.31,0.0901
2025-03-26,Google Ads,Prospecting,236.92,1425,44180,0.17,0.0323
2025-03-26,Meta Ads,Prospecting,267.16,1372,13316,0.19,0.103
2025-03-26,TikTok Ads,Brand,493.37,1981,22114,0.25,0.0896
2025-03-27,Google Ads,Brand,324.21,1808,3998,0.18,0.4522
2025-03-27,Meta Ads,Retargeting,176.25,929,16306,0.19,0.057
2025-03-27,TikTok Ads,Retargeting,252.58,1533,41146,0.16,0.0373
2025-03-28,Google Ads,Brand,187.2,1943,32203,0.1,0.0603
2025-03-28,Meta Ads,Retargeting,431.41,1873,7583,0.23,0.247
2025-03-28,TikTok Ads,Retargeting,204.73,1263,13784,0.16,0.0916
2025-03-29,Google Ads,Retargeting,88.72,1085,38479,0.08,0.0282
2025-03-29,Meta Ads,Retargeting,262.23,281,33632,0.93,0.0084
2025-03-29,TikTok Ads,Brand,164.65,1398,36962,0.12,0.0378
2025-03-30,Google Ads,Prospecting,100.67,933,8581,0.11,0.1087
2025-03-30,Meta Ads,Prospecting,338.07,513,16948,0.66,0.0303
2025-03-30,TikTok Ads,Brand,101.81,1953,44237,0.05,0.0441
2025-03-31,Google Ads,Retargeting,62.93,910,47908,0.07,0.019
2025-03-31,Meta Ads,Brand,96.91,1922,22397,0.05,0.0858
2025-03-31,TikTok Ads,Prospecting,387.83,471,48131,0.82,0.0098
2025-04-01,Google Ads,Prospecting,339.65,1968,44948,0.17,0.0438
2025-04-01,Meta Ads,Brand,339.43,1909,36031,0.18,0.053
2025-04-01,TikTok Ads,Retargeting,368.2,205,46336,1.8,0.0044
2025-04-02,Google Ads,Prospecting,438.53,1928,38746,0.23,0.0498
2025-04-02,Meta Ads,Retargeting,51.04,722,25707,0.07,0.0281
2025-04-02,TikTok Ads,Retargeting,376.62,1504,26011,0.25,0.0578
2025-04-03,Google Ads,Retargeting,328.21,1170,29636,0.28,0.0395
2025-04-03,Meta Ads,Brand,127.3,256,20069,0.5,0.0128
2025-04-03,TikTok Ads,Brand,73.46,716,49534,0.1,0.0145
2025-04-04,Google Ads,Retargeting,469.86,1544,8609,0.3,0.1793
2025-04-04,Meta Ads,Retargeting,196.51,1767,21537,0.11,0.082
2025-04-04,TikTok Ads,Prospecting,296.92,23,21368,12.91,0.0011
2025-04-05,Google Ads,Brand,303.23,408,26437,0.74,0.0154
2025-04-05,Meta Ads,Prospecting,173.43,767,45518,0.23,0.0169
2025-04-05,TikTok Ads,Brand,269.48,1252,39717,0.22,0.0315
2025-04-06,Google Ads,Brand,71.16,38,36277,1.87,0.001
2025-04-06,Meta Ads,Prospecting,171.64,1691,20452,0.1,0.0827
2025-04-06,TikTok Ads,Brand,259.92,953,10661,0.27,0.0894
2025-04-07,Google Ads,Retargeting,156.03,1549,44604,0.1,0.0347
2025-04-07,Meta Ads,Retargeting,36.49,675,21243,0.05,0.0318
2025-04-07,TikTok Ads,Retargeting,495.36,272,18920,1.82,0.0144
2025-04-08,Google Ads,Retargeting,295.51,1312,15136,0.23,0.0867
2025-04-08,Meta Ads,Prospecting,159.92,1999,25687,0.08,0.0778
2025-04-08,TikTok Ads,Brand,490.95,702,11007,0.7,0.0638
2025-04-09,Google Ads,Retargeting,121.09,1520,15750,0.08,0.0965
2025-04-09,Meta Ads,Retargeting,373.15,1910,12732,0.2,0.15
2025-04-09,TikTok Ads,Prospecting,369.15,632,44204,0.58,0.0143
2025-04-10,Google Ads,Brand,495.71,1142,26708,0.43,0.0428
2025-04-10,Meta Ads,Prospecting,222.77,989,23826,0.23,0.0415
2025-04-10,TikTok Ads,Prospecting,207.71,1101,48628,0.19,0.0226
2025-04-11,Google Ads,Prospecting,155.53,1910,13785,0.08,0.1386
2025-04-11,Meta Ads,Retargeting,431.0,826,7377,0.52,0.112
2025-04-11,TikTok Ads,Brand,175.24,1640,39036,0.11,0.042
2025-04-12,Google Ads,Brand,427.91,1473,20927,0.29,0.0704
2025-04-12,Meta Ads,Prospecting,334.22,1202,10015,0.28,0.12
2025-04-12,TikTok Ads,Prospecting,354.06,616,10491,0.57,0.0587
2025-04-13,Google Ads,Brand,124.71,1552,13822,0.08,0.1123
2025-04-13,Meta Ads,Retargeting,332.59,761,48576,0.44,0.0157
2025-04-13,TikTok Ads,Retargeting,68.93,1628,10673,0.04,0.1525
2025-04-14,Google Ads,Prospecting,476.19,894,45528,0.53,0.0196
2025-04-14,Meta Ads,Brand,464.47,216,24303,2.15,0.0089
2025-04-14,TikTok Ads,Prospecting,106.22,127,8690,0.84,0.0146
2025-04-15,Google Ads,Retargeting,332.05,1235,29430,0.27,0.042
2025-04-15,Meta Ads,Brand,320.95,847,17056,0.38,0.0497
2025-04-15,TikTok Ads,Brand,77.03,832,33022,0.09,0.0252
2025-04-16,Google Ads,Prospecting,350.23,1974,12304,0.18,0.1604
2025-04-16,Meta Ads,Retargeting,377.7,1608,46337,0.23,0.0347
2025-04-16,TikTok Ads,Retargeting,336.09,1612,31387,0.21,0.0514
2025-04-17,Google Ads,Retargeting,203.41,1315,43807,0.15,0.03
2025-04-17,Meta Ads,Prospecting,196.32,265,8643,0.74,0.0307
2025-04-17,TikTok Ads,Brand,78.58,1333,44829,0.06,0.0297
2025-04-18,Google Ads,Retargeting,127.97,1221,38550,0.1,0.0317
2025-04-18,Meta Ads,Retargeting,250.16,1440,49847,0.17,0.0289
2025-04-18,TikTok Ads,Brand,401.28,390,26163,1.03,0.0149
2025-04-19,Google Ads,Prospecting,499.98,1459,29420,0.34,0.0496
2025-04-19,Meta Ads,Prospecting,294.28,223,22314,1.32,0.01
2025-04-19,TikTok Ads,Brand,362.61,1785,36226,0.2,0.0493
2025-04-20,Google Ads,Brand,214.56,1455,2294,0.15,0.6343
2025-04-20,Meta Ads,Prospecting,286.91,1118,35739,0.26,0.0313
2025-04-20,TikTok Ads,Prospecting,50.69,1734,39320,0.03,0.0441
2025-04-21,Google Ads,Retargeting,362.6,1638,43709,0.22,0.0375
2025-04-21,Meta Ads,Brand,381.68,444,44160,0.86,0.0101
2025-04-21,TikTok Ads,Brand,106.72,1246,46561,0.09,0.0268
2025-04-22,Google Ads,Brand,22.56,935,21597,0.02,0.0433
2025-04-22,Meta Ads,Brand,38.79,1197,14515,0.03,0.0825
2025-04-22,TikTok Ads,Retargeting,97.38,1171,17827,0.08,0.0657
2025-04-23,Google Ads,Brand,60.61,275,34170,0.22,0.008
2025-04-23,Meta Ads,Prospecting,194.51,1134,12246,0.17,0.0926
2025-04-23,TikTok Ads,Prospecting,489.01,1367,1005,0.36,1.3602
2025-04-24,Google Ads,Brand,164.29,1957,35042,0.08,0.0558
2025-04-24,Meta Ads,Prospecting,336.4,931,10165,0.36,0.0916
2025-04-24,TikTok Ads,Retargeting,255.41,660,35253,0.39,0.0187
2025-04-25,Google Ads,Prospecting,310.96,1065,14752,0.29,0.0722
2025-04-25,Meta Ads,Retargeting,67.52,1698,3931,0.04,0.432
2025-04-25,TikTok Ads,Brand,37.63,310,20641,0.12,0.015
2025-04-26,Google Ads,Brand,479.56,1253,37180,0.38,0.0337
2025-04-26,Meta Ads,Brand,304.06,588,9420,0.52,0.0624
2025-04-26,TikTok Ads,Retargeting,318.71,172,37034,1.85,0.0046
2025-04-27,Google Ads,Prospecting,145.12,1350,11703,0.11,0.1154
2025-04-27,Meta Ads,Prospecting,238.91,1954,17657,0.12,0.1107
2025-04-27,TikTok Ads,Retargeting,224.16,1442,10387,0.16,0.1388
2025-04-28,Google Ads,Retargeting,117.81,1309,49016,0.09,0.0267
2025-04-28,Meta Ads,Prospecting,497.77,1447,43308,0.34,0.0334
2025-04-28,TikTok Ads,Brand,362.93,1174,44077,0.31,0.0266
2025-04-29,Google Ads,Retargeting,413.84,1258,11750,0.33,0.1071
2025-04-29,Meta Ads,Prospecting,414.35,667,29418,0.62,0.0227
2025-04-29,TikTok Ads,Prospecting,32.44,1256,17220,0.03,0.0729
2025-04-30,Google Ads,Brand,149.66,1108,8208,0.14,0.135
2025-04-30,Meta Ads,Retargeting,283.22,155,22584,1.83,0.0069
2025-04-30,TikTok Ads,Retargeting,62.71,1882,22857,0.03,0.0823
2025-05-01,Google Ads,Prospecting,90.24,1654,15795,0.05,0.1047
2025-05-01,Meta Ads,Prospecting,24.73,792,15563,0.03,0.0509
2025-05-01,TikTok Ads,Prospecting,476.86,1623,9093,0.29,0.1785
2025-05-02,Google Ads,Brand,272.71,1813,21090,0.15,0.086
2025-05-02,Meta Ads,Retargeting,414.24,1022,7261,0.41,0.1408
2025-05-02,TikTok Ads,Retargeting,187.47,1191,19480,0.16,0.0611
2025-05-03,Google Ads,Retargeting,150.11,222,4143,0.68,0.0536
2025-05-03,Meta Ads,Brand,172.64,1559,26530,0.11,0.0588
2025-05-03,TikTok Ads,Brand,185.68,1538,45421,0.12,0.0339
2025-05-04,Google Ads,Retargeting,284.8,1826,27388,0.16,0.0667
2025-05-04,Meta Ads,Prospecting,304.31,550,1622,0.55,0.3391
2025-05-04,TikTok Ads,Retargeting,266.51,338,44094,0.79,0.0077
2025-05-05,Google Ads,Brand,88.48,1182,49196,0.07,0.024
2025-05-05,Meta Ads,Prospecting,45.38,1505,42890,0.03,0.0351
2025-05-05,TikTok Ads,Prospecting,359.6,530,45447,0.68,0.0117
2025-05-06,Google Ads,Retargeting,220.76,957,12999,0.23,0.0736
2025-05-06,Meta Ads,Prospecting,493.4,1655,31714,0.3,0.0522
2025-05-06,TikTok Ads,Retargeting,157.67,1970,29034,0.08,0.0679
2025-05-07,Google Ads,Retargeting,472.0,1825,15992,0.26,0.1141
2025-05-07,Meta Ads,Prospecting,325.1,198,21031,1.64,0.0094
2025-05-07,TikTok Ads,Prospecting,389.88,1751,6907,0.22,0.2535
2025-05-08,Google Ads,Retargeting,58.15,1514,16731,0.04,0.0905
2025-05-08,Meta Ads,Brand,99.25,137,6543,0.72,0.0209
2025-05-08,TikTok Ads,Retargeting,157.21,1923,33299,0.08,0.0577
2025-05-09,Google Ads,Brand,481.84,888,45370,0.54,0.0196
2025-05-09,Meta Ads,Retargeting,467.57,299,32434,1.56,0.0092
2025-05-09,TikTok Ads,Prospecting,267.21,1406,35891,0.19,0.0392
2025-05-10,Google Ads,Retargeting,79.85,48,41388,1.66,0.0012
2025-05-10,Meta Ads,Brand,457.23,1547,1477,0.3,1.0474
2025-05-10,TikTok Ads,Retargeting,223.99,1114,23613,0.2,0.0472
2025-05-11,Google Ads,Brand,497.23,1374,35610,0.36,0.0386
2025-05-11,Meta Ads,Retargeting,312.41,1263,30402,0.25,0.0415
2025-05-11,TikTok Ads,Brand,343.77,1826,35309,0.19,0.0517
2025-05-12,Google Ads,Brand,103.91,771,9737,0.13,0.0792
2025-05-12,Meta Ads,Retargeting,189.58,124,28703,1.53,0.0043
2025-05-12,TikTok Ads,Prospecting,201.97,784,8420,0.26,0.0931
2025-05-13,Google Ads,Prospecting,458.74,531,36331,0.86,0.0146
2025-05-13,Meta Ads,Brand,159.23,1009,20237,0.16,0.0499
2025-05-13,TikTok Ads,Prospecting,122.27,1531,42364,0.08,0.0361
2025-05-14,Google Ads,Retargeting,208.94,1910,20976,0.11,0.0911
2025-05-14,Meta Ads,Retargeting,267.45,1849,3321,0.14,0.5568
2025-05-14,TikTok Ads,Prospecting,448.4,1757,32999,0.26,0.0532
2025-05-15,Google Ads,Brand,190.76,1280,31169,0.15,0.0411
2025-05-15,Meta Ads,Prospecting,163.21,239,1337,0.68,0.1788
2025-05-15,TikTok Ads,Prospecting,447.29,401,27349,1.12,0.0147
2025-05-16,Google Ads,Prospecting,24.25,902,33246,0.03,0.0271
2025-05-16,Meta Ads,Brand,60.68,1073,11073,0.06,0.0969
2025-05-16,TikTok Ads,Prospecting,79.44,1018,1452,0.08,0.7011
2025-05-17,Google Ads,Brand,389.33,532,15817,0.73,0.0336
2025-05-17,Meta Ads,Prospecting,209.77,632,24887,0.33,0.0254
2025-05-17,TikTok Ads,Prospecting,448.25,1118,18660,0.4,0.0599
2025-05-18,Google Ads,Brand,494.9,1364,29793,0.36,0.0458
2025-05-18,Meta Ads,Brand,87.14,1550,29440,0.06,0.0526
2025-05-18,TikTok Ads,Brand,192.43,1802,47479,0.11,0.038
2025-05-19,Google Ads,Brand,73.12,603,3638,0.12,0.1658
2025-05-19,Meta Ads,Brand,209.38,1543,22706,0.14,0.068
2025-05-19,TikTok Ads,Brand,96.95,427,32411,0.23,0.0132
2025-05-20,Google Ads,Retargeting,491.81,263,28596,1.87,0.0092
2025-05-20,Meta Ads,Prospecting,284.06,1658,45678,0.17,0.0363
2025-05-20,TikTok Ads,Retargeting,81.17,1558,27206,0.05,0.0573
2025-05-21,Google Ads,Retargeting,368.48,1539,26483,0.24,0.0581
2025-05-21,Meta Ads,Brand,72.67,240,2386,0.3,0.1006
2025-05-21,TikTok Ads,Brand,94.66,1044,1894,0.09,0.5512
2025-05-22,Google Ads,Retargeting,133.52,1409,23422,0.09,0.0602
2025-05-22,Meta Ads,Prospecting,488.69,1530,1526,0.32,1.0026
2025-05-22,TikTok Ads,Prospecting,250.49,597,32845,0.42,0.0182
2025-05-23,Google Ads,Brand,385.23,527,41475,0.73,0.0127
2025-05-23,Meta Ads,Brand,370.04,402,17349,0.92,0.0232
2025-05-23,TikTok Ads,Prospecting,388.03,1789,18270,0.22,0.0979
2025-05-24,Google Ads,Retargeting,138.73,1700,29125,0.08,0.0584
2025-05-24,Meta Ads,Brand,247.47,1623,7754,0.15,0.2093
2025-05-24,TikTok Ads,Retargeting,370.62,1271,12874,0.29,0.0987
2025-05-25,Google Ads,Brand,496.42,1230,42216,0.4,0.0291
2025-05-25,Meta Ads,Retargeting,91.39,266,9670,0.34,0.0275
2025-05-25,TikTok Ads,Prospecting,38.42,413,10581,0.09,0.039
2025-05-26,Google Ads,Prospecting,28.48,428,6959,0.07,0.0615
2025-05-26,Meta Ads,Brand,202.57,1095,21083,0.18,0.0519
2025-05-26,TikTok Ads,Retargeting,323.99,493,15534,0.66,0.0317
2025-05-27,Google Ads,Prospecting,224.52,145,34414,1.55,0.0042
2025-05-27,Meta Ads,Prospecting,329.06,643,8212,0.51,0.0783
2025-05-27,TikTok Ads,Prospecting,194.52,1951,24004,0.1,0.0813
2025-05-28,Google Ads,Retargeting,220.68,675,4116,0.33,0.164
2025-05-28,Meta Ads,Brand,39.63,126,44281,0.31,0.0028
2025-05-28,TikTok Ads,Retargeting,174.39,604,31936,0.29,0.0189
2025-05-29,Google Ads,Prospecting,456.07,226,29239,2.02,0.0077
2025-05-29,Meta Ads,Brand,141.09,1026,24827,0.14,0.0413
2025-05-29,TikTok Ads,Prospecting,166.09,218,44840,0.76,0.0049
2025-05-30,Google Ads,Brand,347.82,1597,9539,0.22,0.1674
2025-05-30,Meta Ads,Prospecting,193.07,1678,24683,0.12,0.068
2025-05-30,TikTok Ads,Retargeting,393.83,1103,40630,0.36,0.0271
2025-05-31,Google Ads,Prospecting,134.36,585,14764,0.23,0.0396
2025-05-31,Meta Ads,Retargeting,204.34,1836,7970,0.11,0.2304
2025-05-31,TikTok Ads,Brand,322.19,1252,8887,0.26,0.1409
2025-06-01,Google Ads,Brand,301.55,1888,43883,0.16,0.043
2025-06-01,Meta Ads,Brand,112.61,932,7464,0.12,0.1249
2025-06-01,TikTok Ads,Brand,472.07,1287,23472,0.37,0.0548
2025-06-02,Google Ads,Prospecting,368.17,1578,14238,0.23,0.1108
2025-06-02,Meta Ads,Retargeting,365.97,109,9377,3.36,0.0116
2025-06-02,TikTok Ads,Brand,220.74,1477,17549,0.15,0.0842
2025-06-03,Google Ads,Retargeting,488.06,1852,24986,0.26,0.0741
2025-06-03,Meta Ads,Prospecting,322.34,260,29581,1.24,0.0088
2025-06-03,TikTok Ads,Brand,251.75,1092,34021,0.23,0.0321
2025-06-04,Google Ads,Brand,100.13,581,46659,0.17,0.0125
2025-06-04,Meta Ads,Brand,159.04,1977,38104,0.08,0.0519
2025-06-04,TikTok Ads,Brand,401.31,1440,13464,0.28,0.107
2025-06-05,Google Ads,Retargeting,410.98,1033,45872,0.4,0.0225
2025-06-05,Meta Ads,Retargeting,437.72,173,11847,2.53,0.0146
2025-06-05,TikTok Ads,Prospecting,380.35,806,37863,0.47,0.0213
2025-06-06,Google Ads,Prospecting,212.41,576,14561,0.37,0.0396
2025-06-06,Meta Ads,Brand,21.73,1191,15274,0.02,0.078
2025-06-06,TikTok Ads,Retargeting,354.43,1820,34606,0.19,0.0526
2025-06-07,Google Ads,Prospecting,261.83,1495,35411,0.18,0.0422
2025-06-07,Meta Ads,Prospecting,165.64,471,20422,0.35,0.0231
2025-06-07,TikTok Ads,Retargeting,148.89,263,12213,0.57,0.0215
2025-06-08,Google Ads,Brand,41.89,507,20126,0.08,0.0252
2025-06-08,Meta Ads,Brand,327.02,1949,19203,0.17,0.1015
2025-06-08,TikTok Ads,Brand,149.81,1639,4376,0.09,0.3745
2025-06-09,Google Ads,Retargeting,490.41,1706,14760,0.29,0.1156
2025-06-09,Meta Ads,Retargeting,75.77,1348,23771,0.06,0.0567
2025-06-09,TikTok Ads,Retargeting,310.48,775,22270,0.4,0.0348
2025-06-10,Google Ads,Brand,474.29,1830,36997,0.26,0.0495
2025-06-10,Meta Ads,Prospecting,366.6,856,41074,0.43,0.0208
2025-06-10,TikTok Ads,Prospecting,175.82,137,42022,1.28,0.0033
2025-06-11,Google Ads,Brand,415.49,469,48872,0.89,0.0096
2025-06-11,Meta Ads,Prospecting,104.83,52,36218,2.02,0.0014
2025-06-11,TikTok Ads,Retargeting,489.81,1613,39224,0.3,0.0411
2025-06-12,Google Ads,Brand,366.85,1429,26033,0.26,0.0549
2025-06-12,Meta Ads,Retargeting,143.53,1302,42569,0.11,0.0306
2025-06-12,TikTok Ads,Retargeting,284.42,1692,29979,0.17,0.0564
2025-06-13,Google Ads,Brand,175.65,437,39119,0.4,0.0112
2025-06-13,Meta Ads,Retargeting,407.71,1561,26917,0.26,0.058
2025-06-13,TikTok Ads,Brand,234.11,1514,48597,0.15,0.0312
2025-06-14,Google Ads,Prospecting,196.95,1867,32392,0.11,0.0576
2025-06-14,Meta Ads,Brand,258.06,960,13125,0.27,0.0731
2025-06-14,TikTok Ads,Brand,110.65,1024,48807,0.11,0.021
2025-06-15,Google Ads,Brand,330.83,63,21326,5.25,0.003
2025-06-15,Meta Ads,Brand,444.92,1694,26834,0.26,0.0631
2025-06-15,TikTok Ads,Retargeting,311.75,162,10405,1.92,0.0156
2025-06-16,Google Ads,Brand,224.67,951,43278,0.24,0.022
2025-06-16,Meta Ads,Prospecting,68.11,1098,9997,0.06,0.1098
2025-06-16,TikTok Ads,Retargeting,380.21,44,40537,8.64,0.0011
2025-06-17,Google Ads,Brand,201.38,62,8211,3.25,0.0076
2025-06-17,Meta Ads,Brand,386.45,1339,3866,0.29,0.3464
2025-06-17,TikTok Ads,Brand,139.2,191,18541,0.73,0.0103
2025-06-18,Google Ads,Brand,470.53,1248,1884,0.38,0.6624
2025-06-18,Meta Ads,Brand,479.66,237,36544,2.02,0.0065
2025-06-18,TikTok Ads,Retargeting,412.76,1766,47363,0.23,0.0373
2025-06-19,Google Ads,Brand,117.11,1003,37887,0.12,0.0265
2025-06-19,Meta Ads,Prospecting,411.42,649,22741,0.63,0.0285
2025-06-19,TikTok Ads,Prospecting,94.17,134,36620,0.7,0.0037
2025-06-20,Google Ads,Retargeting,148.38,1133,9065,0.13,0.125
2025-06-20,Meta Ads,Brand,415.96,230,36693,1.81,0.0063
2025-06-20,TikTok Ads,Prospecting,69.23,1835,28216,0.04,0.065
2025-06-21,Google Ads,Brand,20.58,479,2572,0.04,0.1862
2025-06-21,Meta Ads,Brand,225.03,321,24154,0.7,0.0133
2025-06-21,TikTok Ads,Retargeting,157.69,1907,45853,0.08,0.0416
2025-06-22,Google Ads,Prospecting,349.65,1484,8366,0.24,0.1774
2025-06-22,Meta Ads,Prospecting,101.39,245,15714,0.41,0.0156
2025-06-22,TikTok Ads,Brand,479.1,597,24416,0.8,0.0245
2025-06-23,Google Ads,Brand,315.53,262,24625,1.2,0.0106
2025-06-23,Meta Ads,Brand,449.88,1258,10902,0.36,0.1154
2025-06-23,TikTok Ads,Brand,225.74,705,40296,0.32,0.0175
2025-06-24,Google Ads,Brand,346.13,327,44730,1.06,0.0073
2025-06-24,Meta Ads,Retargeting,164.75,1694,19809,0.1,0.0855
2025-06-24,TikTok Ads,Prospecting,440.19,575,33718,0.77,0.0171
2025-06-25,Google Ads,Retargeting,197.17,563,47616,0.35,0.0118
2025-06-25,Meta Ads,Brand,398.65,1784,10741,0.22,0.1661
2025-06-25,TikTok Ads,Retargeting,90.36,322,26598,0.28,0.0121
2025-06-26,Google Ads,Prospecting,366.24,1628,32354,0.22,0.0503
2025-06-26,Meta Ads,Brand,74.32,895,48625,0.08,0.0184
2025-06-26,TikTok Ads,Prospecting,89.44,681,9358,0.13,0.0728
2025-06-27,Google Ads,Brand,388.42,742,21926,0.52,0.0338
2025-06-27,Meta Ads,Prospecting,223.44,1440,28128,0.16,0.0512
2025-06-27,TikTok Ads,Retargeting,400.88,702,10058,0.57,0.0698
2025-06-28,Google Ads,Retargeting,462.37,804,28437,0.58,0.0283
2025-06-28,Meta Ads,Retargeting,258.61,1113,33283,0.23,0.0334
2025-06-28,TikTok Ads,Retargeting,277.38,491,26206,0.56,0.0187
2025-06-29,Google Ads,Brand,298.86,883,35533,0.34,0.0249
2025-06-29,Meta Ads,Retargeting,392.76,1681,15374,0.23,0.1093
2025-06-29,TikTok Ads,Retargeting,61.88,760,1187,0.08,0.6403
2025-06-30,Google Ads,Brand,497.07,55,24750,9.04,0.0022
2025-06-30,Meta Ads,Retargeting,247.48,293,8219,0.84,0.0356
2025-06-30,TikTok Ads,Brand,457.45,759,10132,0.6,0.0749
2025-07-01,Google Ads,Prospecting,240.99,1730,37143,0.14,0.0466
2025-07-01,Meta Ads,Prospecting,136.4,1715,15718,0.08,0.1091
2025-07-01,TikTok Ads,Brand,378.56,260,46598,1.46,0.0056
2025-07-02,Google Ads,Retargeting,88.68,1521,2726,0.06,0.558
2025-07-02,Meta Ads,Retargeting,483.16,781,4544,0.62,0.1719
2025-07-02,TikTok Ads,Retargeting,70.88,1211,5834,0.06,0.2076
2025-07-03,Google Ads,Prospecting,421.97,1802,11366,0.23,0.1585
2025-07-03,Meta Ads,Brand,90.51,309,6176,0.29,0.05
2025-07-03,TikTok Ads,Brand,56.99,1185,28295,0.05,0.0419
2025-07-04,Google Ads,Brand,387.4,982,49729,0.39,0.0197
2025-07-04,Meta Ads,Brand,379.09,1450,20628,0.26,0.0703
2025-07-04,TikTok Ads,Prospecting,217.53,710,30096,0.31,0.0236
2025-07-05,Google Ads,Retargeting,353.72,607,8291,0.58,0.0732
2025-07-05,Meta Ads,Brand,48.8,1335,3104,0.04,0.4301
2025-07-05,TikTok Ads,Retargeting,380.54,1050,11508,0.36,0.0912
2025-07-06,Google Ads,Brand,210.27,887,45558,0.24,0.0195
2025-07-06,Meta Ads,Prospecting,285.99,1718,17911,0.17,0.0959
2025-07-06,TikTok Ads,Retargeting,260.9,1472,15897,0.18,0.0926
2025-07-07,Google Ads,Prospecting,467.1,576,7025,0.81,0.082
2025-07-07,Meta Ads,Retargeting,201.23,1967,9200,0.1,0.2138
2025-07-07,TikTok Ads,Retargeting,121.69,1287,4669,0.09,0.2756
2025-07-08,Google Ads,Brand,208.3,1704,49889,0.12,0.0342
2025-07-08,Meta Ads,Retargeting,310.44,178,46378,1.74,0.0038
2025-07-08,TikTok Ads,Prospecting,249.16,1356,43066,0.18,0.0315
2025-07-09,Google Ads,Prospecting,417.08,357,4582,1.17,0.0779
2025-07-09,Meta Ads,Prospecting,330.39,418,18689,0.79,0.0224
2025-07-09,TikTok Ads,Brand,70.11,762,40530,0.09,0.0188
2025-07-10,Google Ads,Prospecting,33.46,597,11666,0.06,0.0512
2025-07-10,Meta Ads,Retargeting,71.1,453,40132,0.16,0.0113
2025-07-10,TikTok Ads,Brand,383.13,653,13303,0.59,0.0491
2025-07-11,Google Ads,Retargeting,116.83,1923,3121,0.06,0.6161
2025-07-11,Meta Ads,Brand,149.2,1187,38014,0.13,0.0312
2025-07-11,TikTok Ads,Brand,290.59,1638,32706,0.18,0.0501
2025-07-12,Google Ads,Brand,43.06,210,21224,0.21,0.0099
2025-07-12,Meta Ads,Brand,490.66,1559,19507,0.31,0.0799
2025-07-12,TikTok Ads,Prospecting,260.1,664,26601,0.39,0.025
2025-07-13,Google Ads,Retargeting,190.8,285,47049,0.67,0.0061
2025-07-13,Meta Ads,Retargeting,66.74,854,49591,0.08,0.0172
2025-07-13,TikTok Ads,Retargeting,68.48,1673,10842,0.04,0.1543
2025-07-14,Google Ads,Brand,301.84,802,32257,0.38,0.0249
2025-07-14,Meta Ads,Retargeting,437.03,96,20013,4.55,0.0048
2025-07-14,TikTok Ads,Brand,92.74,968,6161,0.1,0.1571
2025-07-15,Google Ads,Retargeting,64.78,1491,16176,0.04,0.0922
2025-07-15,Meta Ads,Brand,407.59,1359,10231,0.3,0.1328
2025-07-15,TikTok Ads,Retargeting,97.3,1993,33874,0.05,0.0588
2025-07-16,Google Ads,Retargeting,496.29,1266,43689,0.39,0.029
2025-07-16,Meta Ads,Retargeting,466.51,719,30326,0.65,0.0237
2025-07-16,TikTok Ads,Brand,182.73,757,41859,0.24,0.0181
2025-07-17,Google Ads,Prospecting,39.21,1479,45752,0.03,0.0323
2025-07-17,Meta Ads,Prospecting,134.77,1270,40772,0.11,0.0311
2025-07-17,TikTok Ads,Brand,479.85,1181,42142,0.41,0.028
2025-07-18,Google Ads,Prospecting,66.75,50,10346,1.34,0.0048
2025-07-18,Meta Ads,Prospecting,282.63,1653,6712,0.17,0.2463
2025-07-18,TikTok Ads,Prospecting,65.17,662,12122,0.1,0.0546
2025-07-19,Google Ads,Prospecting,97.51,593,38782,0.16,0.0153
2025-07-19,Meta Ads,Prospecting,189.62,165,12743,1.15,0.0129
2025-07-19,TikTok Ads,Retargeting,390.53,548,32015,0.71,0.0171
2025-07-20,Google Ads,Prospecting,386.31,925,43617,0.42,0.0212
2025-07-20,Meta Ads,Brand,471.12,1184,32998,0.4,0.0359
2025-07-20,TikTok Ads,Brand,194.47,607,27275,0.32,0.0223
2025-07-21,Google Ads,Prospecting,431.36,1898,45602,0.23,0.0416
2025-07-21,Meta Ads,Brand,231.6,1069,41935,0.22,0.0255
2025-07-21,TikTok Ads,Prospecting,199.37,1417,28079,0.14,0.0505
2025-07-22,Google Ads,Retargeting,236.04,1816,45731,0.13,0.0397
2025-07-22,Meta Ads,Brand,317.89,1338,4739,0.24,0.2823
2025-07-22,TikTok Ads,Retargeting,399.48,1453,37752,0.27,0.0385
2025-07-23,Google Ads,Brand,94.19,235,20048,0.4,0.0117
2025-07-23,Meta Ads,Prospecting,95.94,837,5782,0.11,0.1448
2025-07-23,TikTok Ads,Brand,206.35,966,44853,0.21,0.0215
2025-07-24,Google Ads,Brand,187.49,979,43105,0.19,0.0227
2025-07-24,Meta Ads,Retargeting,452.06,972,8151,0.47,0.1192
2025-07-24,TikTok Ads,Brand,106.53,241,27014,0.44,0.0089
2025-07-25,Google Ads,Prospecting,115.75,693,5225,0.17,0.1326
2025-07-25,Meta Ads,Prospecting,184.36,1257,32869,0.15,0.0382
2025-07-25,TikTok Ads,Brand,357.1,995,8492,0.36,0.1172
2025-07-26,Google Ads,Prospecting,238.2,1136,11206,0.21,0.1014
2025-07-26,Meta Ads,Prospecting,89.85,457,21983,0.2,0.0208
2025-07-26,TikTok Ads,Retargeting,35.04,1251,25922,0.03,0.0483
2025-07-27,Google Ads,Brand,469.5,760,29187,0.62,0.026
2025-07-27,Meta Ads,Prospecting,122.44,453,2503,0.27,0.181
2025-07-27,TikTok Ads,Retargeting,223.0,536,42660,0.42,0.0126
2025-07-28,Google Ads,Brand,60.12,161,18950,0.37,0.0085
2025-07-28,Meta Ads,Prospecting,59.22,1809,47675,0.03,0.0379
2025-07-28,TikTok Ads,Prospecting,438.22,1094,15031,0.4,0.0728
2025-07-29,Google Ads,Retargeting,448.68,396,4522,1.13,0.0876
2025-07-29,Meta Ads,Brand,449.58,897,23414,0.5,0.0383
2025-07-29,TikTok Ads,Prospecting,98.98,735,28466,0.13,0.0258
2025-07-30,Google Ads,Prospecting,248.24,1430,11530,0.17,0.124
2025-07-30,Meta Ads,Retargeting,229.66,1889,46409,0.12,0.0407
2025-07-30,TikTok Ads,Retargeting,206.79,40,37759,5.17,0.0011
2025-07-31,Google Ads,Retargeting,115.31,1500,44775,0.08,0.0335
2025-07-31,Meta Ads,Retargeting,315.93,683,44520,0.46,0.0153
2025-07-31,TikTok Ads,Retargeting,376.56,1528,49046,0.25,0.0312
2025-08-01,Google Ads,Prospecting,26.81,1856,31058,0.01,0.0598
2025-08-01,Meta Ads,Brand,259.73,668,8445,0.39,0.0791
2025-08-01,TikTok Ads,Retargeting,215.07,1086,48335,0.2,0.0225
2025-08-02,Google Ads,Brand,494.35,1951,9239,0.25,0.2112
2025-08-02,Meta Ads,Retargeting,235.68,1204,7386,0.2,0.163
2025-08-02,TikTok Ads,Brand,124.94,404,28536,0.31,0.0142
2025-08-03,Google Ads,Retargeting,282.12,360,40383,0.78,0.0089
2025-08-03,Meta Ads,Prospecting,123.75,449,13527,0.28,0.0332
2025-08-03,TikTok Ads,Retargeting,296.88,49,25265,6.06,0.0019
2025-08-04,Google Ads,Prospecting,27.77,1856,21117,0.01,0.0879
2025-08-04,Meta Ads,Retargeting,413.14,275,46830,1.5,0.0059
2025-08-04,TikTok Ads,Prospecting,331.48,953,28135,0.35,0.0339
2025-08-05,Google Ads,Prospecting,188.83,1716,36551,0.11,0.0469
2025-08-05,Meta Ads,Prospecting,271.12,1586,23008,0.17,0.0689
2025-08-05,TikTok Ads,Brand,464.65,959,29074,0.48,0.033
2025-08-06,Google Ads,Prospecting,104.91,1238,11659,0.08,0.1062
2025-08-06,Meta Ads,Retargeting,229.22,603,44227,0.38,0.0136
2025-08-06,TikTok Ads,Retargeting,346.54,1318,19562,0.26,0.0674
2025-08-07,Google Ads,Retargeting,317.78,1914,7502,0.17,0.2551
2025-08-07,Meta Ads,Brand,406.85,232,6874,1.75,0.0338
2025-08-07,TikTok Ads,Retargeting,27.88,1929,27953,0.01,0.069
2025-08-08,Google Ads,Brand,258.27,1559,41883,0.17,0.0372
2025-08-08,Meta Ads,Retargeting,67.86,929,33988,0.07,0.0273
2025-08-08,TikTok Ads,Retargeting,406.82,1387,19999,0.29,0.0694
2025-08-09,Google Ads,Prospecting,121.7,1611,30794,0.08,0.0523
2025-08-09,Meta Ads,Retargeting,202.92,420,31774,0.48,0.0132
2025-08-09,TikTok Ads,Brand,188.29,1645,31405,0.11,0.0524
2025-08-10,Google Ads,Prospecting,455.84,1340,47126,0.34,0.0284
2025-08-10,Meta Ads,Retargeting,209.99,1944,25552,0.11,0.0761
2025-08-10,TikTok Ads,Brand,263.63,568,44167,0.46,0.0129
2025-08-11,Google Ads,Prospecting,167.55,1868,28178,0.09,0.0663
2025-08-11,Meta Ads,Retargeting,135.95,1863,28168,0.07,0.0661
2025-08-11,TikTok Ads,Brand,27.45,334,25537,0.08,0.0131
2025-08-12,Google Ads,Retargeting,413.62,1248,21805,0.33,0.0572
2025-08-12,Meta Ads,Prospecting,101.8,1191,29181,0.09,0.0408
2025-08-12,TikTok Ads,Brand,286.75,821,13626,0.35,0.0603
2025-08-13,Google Ads,Retargeting,329.33,1716,4380,0.19,0.3918
2025-08-13,Meta Ads,Retargeting,225.97,1943,42698,0.12,0.0455
2025-08-13,TikTok Ads,Prospecting,489.13,375,27418,1.3,0.0137
2025-08-14,Google Ads,Prospecting,268.29,915,16136,0.29,0.0567
2025-08-14,Meta Ads,Brand,360.81,278,34046,1.3,0.0082
2025-08-14,TikTok Ads,Brand,323.09,1626,26690,0.2,0.0609
2025-08-15,Google Ads,Retargeting,460.0,1734,37235,0.27,0.0466
2025-08-15,Meta Ads,Brand,475.38,437,7111,1.09,0.0615
2025-08-15,TikTok Ads,Brand,32.31,43,42215,0.75,0.001
2025-08-16,Google Ads,Retargeting,93.46,1285,47371,0.07,0.0271
2025-08-16,Meta Ads,Retargeting,461.89,181,38473,2.55,0.0047
2025-08-16,TikTok Ads,Prospecting,32.14,1523,9555,0.02,0.1594
2025-08-17,Google Ads,Prospecting,324.54,1612,24469,0.2,0.0659
2025-08-17,Meta Ads,Brand,135.07,1858,15532,0.07,0.1196
2025-08-17,TikTok Ads,Prospecting,113.04,1741,17072,0.06,0.102
2025-08-18,Google Ads,Retargeting,394.41,1629,25779,0.24,0.0632
2025-08-18,Meta Ads,Prospecting,336.44,583,6437,0.58,0.0906
2025-08-18,TikTok Ads,Brand,321.17,1327,38968,0.24,0.0341
2025-08-19,Google Ads,Brand,73.25,1918,40052,0.04,0.0479
2025-08-19,Meta Ads,Brand,71.4,598,18170,0.12,0.0329
2025-08-19,TikTok Ads,Brand,64.53,1032,24684,0.06,0.0418
2025-08-20,Google Ads,Brand,207.58,1025,2438,0.2,0.4204
2025-08-20,Meta Ads,Prospecting,55.32,1984,42004,0.03,0.0472
2025-08-20,TikTok Ads,Brand,120.94,879,25592,0.14,0.0343
2025-08-21,Google Ads,Prospecting,324.1,943,11558,0.34,0.0816
2025-08-21,Meta Ads,Brand,163.4,1870,12709,0.09,0.1471
2025-08-21,TikTok Ads,Retargeting,292.3,1262,3061,0.23,0.4123
2025-08-22,Google Ads,Brand,488.44,730,32713,0.67,0.0223
2025-08-22,Meta Ads,Retargeting,308.0,30,11380,10.27,0.0026
2025-08-22,TikTok Ads,Retargeting,376.01,1917,8968,0.2,0.2138
2025-08-23,Google Ads,Brand,310.93,1117,2509,0.28,0.4452
2025-08-23,Meta Ads,Retargeting,265.64,332,15175,0.8,0.0219
2025-08-23,TikTok Ads,Prospecting,75.1,464,2933,0.16,0.1582
2025-08-24,Google Ads,Prospecting,86.51,190,48693,0.46,0.0039
2025-08-24,Meta Ads,Retargeting,471.13,568,18935,0.83,0.03
2025-08-24,TikTok Ads,Prospecting,115.63,208,23842,0.56,0.0087
2025-08-25,Google Ads,Retargeting,284.72,622,31608,0.46,0.0197
2025-08-25,Meta Ads,Retargeting,408.33,913,34597,0.45,0.0264
2025-08-25,TikTok Ads,Prospecting,462.73,532,12335,0.87,0.0431
2025-08-26,Google Ads,Brand,349.79,1837,48015,0.19,0.0383
2025-08-26,Meta Ads,Prospecting,481.7,230,39249,2.09,0.0059
2025-08-26,TikTok Ads,Retargeting,169.56,1646,14489,0.1,0.1136
2025-08-27,Google Ads,Retargeting,254.16,1828,30239,0.14,0.0605
2025-08-27,Meta Ads,Prospecting,306.24,576,21889,0.53,0.0263
2025-08-27,TikTok Ads,Retargeting,71.63,804,29135,0.09,0.0276
2025-08-28,Google Ads,Brand,292.23,785,42464,0.37,0.0185
2025-08-28,Meta Ads,Brand,235.71,1841,3212,0.13,0.5732
2025-08-28,TikTok Ads,Retargeting,141.47,859,20233,0.16,0.0425
2025-08-29,Google Ads,Retargeting,416.81,1341,35766,0.31,0.0375
2025-08-29,Meta Ads,Prospecting,211.19,254,12790,0.83,0.0199
2025-08-29,TikTok Ads,Prospecting,226.11,400,24445,0.57,0.0164
2025-08-30,Google Ads,Brand,54.87,1365,25357,0.04,0.0538
2025-08-30,Meta Ads,Prospecting,89.62,663,9015,0.14,0.0735
2025-08-30,TikTok Ads,Brand,172.92,42,47976,4.12,0.0009
2025-08-31,Google Ads,Prospecting,122.61,1182,22073,0.1,0.0535
2025-08-31,Meta Ads,Brand,289.59,809,19586,0.36,0.0413
2025-08-31,TikTok Ads,Retargeting,121.84,465,7744,0.26,0.06
2025-09-01,Google Ads,Retargeting,153.46,1264,44997,0.12,0.0281
2025-09-01,Meta Ads,Brand,295.5,1343,28639,0.22,0.0469
2025-09-01,TikTok Ads,Retargeting,382.98,670,21979,0.57,0.0305
2025-09-02,Google Ads,Brand,114.62,1663,33370,0.07,0.0498
2025-09-02,Meta Ads,Prospecting,42.46,582,28606,0.07,0.0203
2025-09-02,TikTok Ads,Brand,79.56,370,40415,0.22,0.0092
2025-09-03,Google Ads,Prospecting,303.76,504,38775,0.6,0.013
2025-09-03,Meta Ads,Brand,156.82,1338,38732,0.12,0.0345
2025-09-03,TikTok Ads,Brand,457.59,602,9589,0.76,0.0628
2025-09-04,Google Ads,Prospecting,37.76,1112,35571,0.03,0.0313
2025-09-04,Meta Ads,Brand,181.95,53,5551,3.43,0.0095
2025-09-04,TikTok Ads,Prospecting,65.66,1663,28202,0.04,0.059
2025-09-05,Google Ads,Retargeting,164.48,669,23663,0.25,0.0283
2025-09-05,Meta Ads,Prospecting,58.29,1606,21524,0.04,0.0746
2025-09-05,TikTok Ads,Prospecting,313.91,825,20558,0.38,0.0401
2025-09-06,Google Ads,Retargeting,492.3,1030,43014,0.48,0.0239
2025-09-06,Meta Ads,Brand,424.68,1940,41499,0.22,0.0467
2025-09-06,TikTok Ads,Brand,34.06,117,1681,0.29,0.0696
2025-09-07,Google Ads,Brand,70.47,681,46062,0.1,0.0148
2025-09-07,Meta Ads,Retargeting,229.13,368,6768,0.62,0.0544
2025-09-07,TikTok Ads,Brand,367.57,1683,25174,0.22,0.0669
2025-09-08,Google Ads,Retargeting,494.99,1933,46104,0.26,0.0419
2025-09-08,Meta Ads,Brand,144.65,1627,3823,0.09,0.4256
2025-09-08,TikTok Ads,Brand,43.04,643,5917,0.07,0.1087
2025-09-09,Google Ads,Prospecting,178.08,1274,25874,0.14,0.0492
2025-09-09,Meta Ads,Prospecting,355.36,1914,10028,0.19,0.1909
2025-09-09,TikTok Ads,Retargeting,241.13,278,21927,0.87,0.0127
2025-09-10,Google Ads,Brand,381.46,1838,28085,0.21,0.0654
2025-09-10,Meta Ads,Retargeting,234.45,270,35194,0.87,0.0077
2025-09-10,TikTok Ads,Retargeting,135.45,998,44336,0.14,0.0225
2025-09-11,Google Ads,Prospecting,488.65,679,48897,0.72,0.0139
2025-09-11,Meta Ads,Prospecting,128.4,560,20414,0.23,0.0274
2025-09-11,TikTok Ads,Retargeting,59.74,1163,16884,0.05,0.0689
2025-09-12,Google Ads,Retargeting,330.62,1772,14493,0.19,0.1223
2025-09-12,Meta Ads,Retargeting,57.45,1032,4949,0.06,0.2085
2025-09-12,TikTok Ads,Brand,26.3,462,31680,0.06,0.0146
2025-09-13,Google Ads,Prospecting,110.2,234,23311,0.47,0.01
2025-09-13,Meta Ads,Brand,410.72,1579,35579,0.26,0.0444
2025-09-13,TikTok Ads,Retargeting,432.06,1577,21435,0.27,0.0736
2025-09-14,Google Ads,Retargeting,237.93,335,34063,0.71,0.0098
2025-09-14,Meta Ads,Brand,458.78,468,24831,0.98,0.0188
2025-09-14,TikTok Ads,Prospecting,488.03,1797,41663,0.27,0.0431
2025-09-15,Google Ads,Retargeting,117.45,839,13317,0.14,0.063
2025-09-15,Meta Ads,Brand,153.36,356,45975,0.43,0.0077
2025-09-15,TikTok Ads,Prospecting,476.72,1202,43492,0.4,0.0276
2025-09-16,Google Ads,Brand,90.7,1814,8023,0.05,0.2261
2025-09-16,Meta Ads,Retargeting,72.9,53,31202,1.38,0.0017
2025-09-16,TikTok Ads,Brand,148.04,995,44377,0.15,0.0224
2025-09-17,Google Ads,Retargeting,237.27,563,8754,0.42,0.0643
2025-09-17,Meta Ads,Retargeting,60.35,903,14897,0.07,0.0606
2025-09-17,TikTok Ads,Brand,210.53,902,34287,0.23,0.0263
2025-09-18,Google Ads,Prospecting,45.52,578,25233,0.08,0.0229
2025-09-18,Meta Ads,Brand,43.58,803,48972,0.05,0.0164
2025-09-18,TikTok Ads,Prospecting,113.09,407,27390,0.28,0.0149
2025-09-19,Google Ads,Brand,305.14,1104,40809,0.28,0.0271
2025-09-19,Meta Ads,Prospecting,268.94,243,45640,1.11,0.0053
2025-09-19,TikTok Ads,Brand,330.25,1983,8279,0.17,0.2395
2025-09-20,Google Ads,Brand,75.29,1853,3338,0.04,0.5551
2025-09-20,Meta Ads,Retargeting,147.77,154,35873,0.96,0.0043
2025-09-20,TikTok Ads,Brand,152.22,1827,41646,0.08,0.0439
2025-09-21,Google Ads,Retargeting,363.6,822,26748,0.44,0.0307
2025-09-21,Meta Ads,Brand,125.55,1707,46330,0.07,0.0368
2025-09-21,TikTok Ads,Prospecting,257.68,370,14341,0.7,0.0258
2025-09-22,Google Ads,Prospecting,325.71,1465,40079,0.22,0.0366
2025-09-22,Meta Ads,Prospecting,372.26,213,13129,1.75,0.0162
2025-09-22,TikTok Ads,Retargeting,455.74,1294,32244,0.35,0.0401
2025-09-23,Google Ads,Retargeting,166.56,1876,46084,0.09,0.0407
2025-09-23,Meta Ads,Brand,101.71,1415,5551,0.07,0.2549
2025-09-23,TikTok Ads,Brand,109.93,1862,30833,0.06,0.0604
2025-09-24,Google Ads,Brand,481.88,1384,32103,0.35,0.0431
2025-09-24,Meta Ads,Prospecting,180.35,383,18290,0.47,0.0209
2025-09-24,TikTok Ads,Brand,101.95,1577,1637,0.06,0.9633
2025-09-25,Google Ads,Retargeting,189.03,990,39217,0.19,0.0252
2025-09-25,Meta Ads,Brand,254.39,526,31970,0.48,0.0165
2025-09-25,TikTok Ads,Brand,41.68,55,38176,0.76,0.0014
2025-09-26,Google Ads,Retargeting,495.4,1730,15961,0.29,0.1084
2025-09-26,Meta Ads,Retargeting,261.51,1566,10606,0.17,0.1477
2025-09-26,TikTok Ads,Brand,68.0,1666,49246,0.04,0.0338
2025-09-27,Google Ads,Prospecting,237.26,1524,23988,0.16,0.0635
2025-09-27,Meta Ads,Retargeting,143.52,1016,17615,0.14,0.0577
2025-09-27,TikTok Ads,Prospecting,240.2,1715,24109,0.14,0.0711
2025-09-28,Google Ads,Prospecting,360.88,1845,34936,0.2,0.0528
2025-09-28,Meta Ads,Retargeting,431.34,1867,40042,0.23,0.0466
2025-09-28,TikTok Ads,Prospecting,74.13,1424,35033,0.05,0.0406
2025-09-29,Google Ads,Retargeting,327.1,322,27890,1.02,0.0115
2025-09-29,Meta Ads,Brand,336.5,310,24409,1.09,0.0127
2025-09-29,TikTok Ads,Prospecting,34.83,1202,49562,0.03,0.0243
2025-09-30,Google Ads,Retargeting,487.18,756,14520,0.64,0.0521
2025-09-30,Meta Ads,Retargeting,62.85,1905,25758,0.03,0.074
2025-09-30,TikTok Ads,Retargeting,71.81,580,42083,0.12,0.0138
2025-10-01,Google Ads,Retargeting,281.56,1888,30443,0.15,0.062
2025-10-01,Meta Ads,Retargeting,103.98,1884,45503,0.06,0.0414
2025-10-01,TikTok Ads,Prospecting,446.24,820,39610,0.54,0.0207
2025-10-02,Google Ads,Prospecting,473.73,585,21271,0.81,0.0275
2025-10-02,Meta Ads,Brand,39.73,1085,46995,0.04,0.0231
2025-10-02,TikTok Ads,Prospecting,420.4,271,29407,1.55,0.0092
2025-10-03,Google Ads,Prospecting,292.0,1643,23740,0.18,0.0692
2025-10-03,Meta Ads,Prospecting,72.89,37,33697,1.97,0.0011
2025-10-03,TikTok Ads,Retargeting,90.62,1414,10845,0.06,0.1304
2025-10-04,Google Ads,Retargeting,484.0,1297,37578,0.37,0.0345
2025-10-04,Meta Ads,Retargeting,98.05,1017,19891,0.1,0.0511
2025-10-04,TikTok Ads,Brand,403.9,51,30744,7.92,0.0017
2025-10-05,Google Ads,Brand,124.32,1710,39867,0.07,0.0429
2025-10-05,Meta Ads,Brand,45.53,646,1333,0.07,0.4846
2025-10-05,TikTok Ads,Prospecting,189.08,1728,1042,0.11,1.6583
2025-10-06,Google Ads,Brand,140.69,737,19564,0.19,0.0377
2025-10-06,Meta Ads,Retargeting,339.36,1594,37749,0.21,0.0422
2025-10-06,TikTok Ads,Brand,477.77,1480,18738,0.32,0.079
2025-10-07,Google Ads,Brand,498.04,422,29314,1.18,0.0144
2025-10-07,Meta Ads,Retargeting,460.76,615,15343,0.75,0.0401
2025-10-07,TikTok Ads,Brand,247.13,746,17300,0.33,0.0431
2025-10-08,Google Ads,Retargeting,325.78,885,27156,0.37,0.0326
2025-10-08,Meta Ads,Brand,448.66,1904,20793,0.24,0.0916
2025-10-08,TikTok Ads,Retargeting,169.15,1174,29561,0.14,0.0397
2025-10-09,Google Ads,Retargeting,440.45,1667,38890,0.26,0.0429
2025-10-09,Meta Ads,Brand,347.99,428,17385,0.81,0.0246
2025-10-09,TikTok Ads,Brand,219.83,428,20730,0.51,0.0206
2025-10-10,Google Ads,Prospecting,61.09,1180,42177,0.05,0.028
2025-10-10,Meta Ads,Prospecting,282.0,789,29632,0.36,0.0266
2025-10-10,TikTok Ads,Brand,86.53,925,46490,0.09,0.0199
2025-10-11,Google Ads,Prospecting,261.83,1423,47700,0.18,0.0298
2025-10-11,Meta Ads,Prospecting,244.82,895,31575,0.27,0.0283
2025-10-11,TikTok Ads,Prospecting,481.49,964,2813,0.5,0.3427
2025-10-12,Google Ads,Retargeting,32.68,1590,28585,0.02,0.0556
2025-10-12,Meta Ads,Brand,382.81,1279,20817,0.3,0.0614
2025-10-12,TikTok Ads,Brand,298.55,784,9341,0.38,0.0839
2025-10-13,Google Ads,Retargeting,280.77,1178,20224,0.24,0.0582
2025-10-13,Meta Ads,Brand,382.56,824,9253,0.46,0.0891
2025-10-13,TikTok Ads,Prospecting,341.64,967,34948,0.35,0.0277
2025-10-14,Google Ads,Prospecting,422.82,193,4584,2.19,0.0421
2025-10-14,Meta Ads,Prospecting,418.35,1350,8015,0.31,0.1684
2025-10-14,TikTok Ads,Prospecting,305.28,1703,20043,0.18,0.085
2025-10-15,Google Ads,Retargeting,251.1,698,4988,0.36,0.1399
2025-10-15,Meta Ads,Brand,375.43,1401,34477,0.27,0.0406
2025-10-15,TikTok Ads,Retargeting,364.14,1456,14439,0.25,0.1008
2025-10-16,Google Ads,Retargeting,89.19,1536,33460,0.06,0.0459
2025-10-16,Meta Ads,Brand,127.3,1403,42921,0.09,0.0327
2025-10-16,TikTok Ads,Brand,164.43,656,48129,0.25,0.0136
2025-10-17,Google Ads,Brand,406.7,1297,46074,0.31,0.0282
2025-10-17,Meta Ads,Brand,75.06,20,11028,3.75,0.0018
2025-10-17,TikTok Ads,Retargeting,442.35,1084,7348,0.41,0.1475
2025-10-18,Google Ads,Brand,118.06,990,2615,0.12,0.3786
2025-10-18,Meta Ads,Retargeting,233.03,133,8983,1.75,0.0148
2025-10-18,TikTok Ads,Prospecting,214.19,396,16396,0.54,0.0242
2025-10-19,Google Ads,Retargeting,144.93,1274,45651,0.11,0.0279
2025-10-19,Meta Ads,Prospecting,432.47,1283,9073,0.34,0.1414
2025-10-19,TikTok Ads,Prospecting,90.2,64,13111,1.41,0.0049
2025-10-20,Google Ads,Brand,412.9,1366,16773,0.3,0.0814
2025-10-20,Meta Ads,Brand,265.53,1452,36827,0.18,0.0394
2025-10-20,TikTok Ads,Brand,248.56,613,19969,0.41,0.0307
2025-10-21,Google Ads,Retargeting,68.01,1225,33306,0.06,0.0368
2025-10-21,Meta Ads,Prospecting,340.5,821,26285,0.41,0.0312
2025-10-21,TikTok Ads,Retargeting,403.93,970,28321,0.42,0.0343
2025-10-22,Google Ads,Prospecting,91.12,600,30955,0.15,0.0194
2025-10-22,Meta Ads,Brand,290.82,42,39046,6.92,0.0011
2025-10-22,TikTok Ads,Prospecting,36.36,1352,44069,0.03,0.0307
2025-10-23,Google Ads,Retargeting,233.35,1879,24247,0.12,0.0775
2025-10-23,Meta Ads,Brand,244.6,1500,31038,0.16,0.0483
2025-10-23,TikTok Ads,Prospecting,24.38,344,24445,0.07,0.0141
2025-10-24,Google Ads,Retargeting,430.8,1050,14813,0.41,0.0709
2025-10-24,Meta Ads,Prospecting,453.22,1095,26599,0.41,0.0412
2025-10-24,TikTok Ads,Retargeting,50.13,1363,10922,0.04,0.1248
2025-10-25,Google Ads,Prospecting,334.85,1173,23235,0.29,0.0505
2025-10-25,Meta Ads,Prospecting,363.29,1631,10177,0.22,0.1603
2025-10-25,TikTok Ads,Prospecting,396.78,1368,20852,0.29,0.0656
2025-10-26,Google Ads,Prospecting,52.74,1738,43279,0.03,0.0402
2025-10-26,Meta Ads,Prospecting,200.73,986,40704,0.2,0.0242
2025-10-26,TikTok Ads,Retargeting,106.58,1471,34225,0.07,0.043
2025-10-27,Google Ads,Retargeting,272.21,285,46728,0.96,0.0061
2025-10-27,Meta Ads,Prospecting,302.65,1209,23812,0.25,0.0508
2025-10-27,TikTok Ads,Retargeting,316.39,846,5428,0.37,0.1559
2025-10-28,Google Ads,Brand,34.17,1520,11431,0.02,0.133
2025-10-28,Meta Ads,Brand,66.34,237,33730,0.28,0.007
2025-10-28,TikTok Ads,Retargeting,248.68,1576,16173,0.16,0.0974
2025-10-29,Google Ads,Retargeting,401.89,235,12403,1.71,0.0189
2025-10-29,Meta Ads,Retargeting,448.39,1567,28528,0.29,0.0549
2025-10-29,TikTok Ads,Brand,49.72,532,8502,0.09,0.0626
2025-10-30,Google Ads,Brand,426.46,169,29936,2.52,0.0056
2025-10-30,Meta Ads,Prospecting,311.14,1741,2930,0.18,0.5942
2025-10-30,TikTok Ads,Brand,174.16,1450,30459,0.12,0.0476
2025-10-31,Google Ads,Prospecting,83.94,1325,38603,0.06,0.0343
2025-10-31,Meta Ads,Retargeting,115.87,537,33184,0.22,0.0162
2025-10-31,TikTok Ads,Prospecting,345.85,481,14185,0.72,0.0339
2025-11-01,Google Ads,Retargeting,97.8,1686,35637,0.06,0.0473
2025-11-01,Meta Ads,Brand,61.29,69,42229,0.89,0.0016
2025-11-01,TikTok Ads,Retargeting,66.18,88,10211,0.75,0.0086
2025-11-02,Google Ads,Brand,192.59,855,38243,0.23,0.0224
2025-11-02,Meta Ads,Retargeting,434.96,717,13144,0.61,0.0545
2025-11-02,TikTok Ads,Retargeting,370.39,1885,48728,0.2,0.0387
2025-11-03,Google Ads,Retargeting,273.51,409,14597,0.67,0.028
2025-11-03,Meta Ads,Retargeting,417.24,1045,24075,0.4,0.0434
2025-11-03,TikTok Ads,Prospecting,316.87,1164,10035,0.27,0.116
2025-11-04,Google Ads,Brand,230.66,1300,25649,0.18,0.0507
2025-11-04,Meta Ads,Brand,293.19,280,34898,1.05,0.008
2025-11-04,TikTok Ads,Prospecting,68.44,1041,16110,0.07,0.0646
2025-11-05,Google Ads,Brand,308.72,697,2477,0.44,0.2814
2025-11-05,Meta Ads,Brand,414.24,613,17474,0.68,0.0351
2025-11-05,TikTok Ads,Prospecting,357.57,159,11345,2.25,0.014
2025-11-06,Google Ads,Prospecting,55.89,1198,16820,0.05,0.0712
2025-11-06,Meta Ads,Retargeting,467.27,1044,21462,0.45,0.0486
2025-11-06,TikTok Ads,Prospecting,316.95,1138,46712,0.28,0.0244
2025-11-07,Google Ads,Brand,299.73,1938,18239,0.15,0.1063
2025-11-07,Meta Ads,Retargeting,34.39,712,28617,0.05,0.0249
2025-11-07,TikTok Ads,Prospecting,116.25,1838,4892,0.06,0.3757
2025-11-08,Google Ads,Brand,118.03,1692,49095,0.07,0.0345
2025-11-08,Meta Ads,Prospecting,463.6,1378,5084,0.34,0.271
2025-11-08,TikTok Ads,Brand,256.91,1669,37952,0.15,0.044
2025-11-09,Google Ads,Retargeting,357.48,1587,3317,0.23,0.4784
2025-11-09,Meta Ads,Prospecting,490.91,1965,28278,0.25,0.0695
2025-11-09,TikTok Ads,Retargeting,374.86,1923,6281,0.19,0.3062
2025-11-10,Google Ads,Retargeting,249.81,285,18728,0.88,0.0152
2025-11-10,Meta Ads,Retargeting,40.04,92,33544,0.44,0.0027
2025-11-10,TikTok Ads,Retargeting,128.12,737,29279,0.17,0.0252
2025-11-11,Google Ads,Prospecting,165.64,1760,15926,0.09,0.1105
2025-11-11,Meta Ads,Brand,467.0,73,13856,6.4,0.0053
2025-11-11,TikTok Ads,Retargeting,311.91,796,45691,0.39,0.0174
2025-11-12,Google Ads,Retargeting,374.2,1151,32599,0.33,0.0353
2025-11-12,Meta Ads,Brand,205.82,792,46576,0.26,0.017
2025-11-12,TikTok Ads,Brand,226.26,894,37014,0.25,0.0242
2025-11-13,Google Ads,Brand,75.48,261,41347,0.29,0.0063
2025-11-13,Meta Ads,Prospecting,188.86,722,29608,0.26,0.0244
2025-11-13,TikTok Ads,Brand,134.32,208,39575,0.65,0.0053
2025-11-14,Google Ads,Brand,129.02,1550,36141,0.08,0.0429
2025-11-14,Meta Ads,Retargeting,41.97,1662,1976,0.03,0.8411
2025-11-14,TikTok Ads,Retargeting,139.96,136,6020,1.03,0.0226
2025-11-15,Google Ads,Brand,80.82,389,19520,0.21,0.0199
2025-11-15,Meta Ads,Brand,170.78,1253,43939,0.14,0.0285
2025-11-15,TikTok Ads,Brand,499.08,285,40722,1.75,0.007
2025-11-16,Google Ads,Prospecting,249.78,270,44030,0.93,0.0061
2025-11-16,Meta Ads,Brand,56.66,1941,36628,0.03,0.053
2025-11-16,TikTok Ads,Brand,257.57,1525,24393,0.17,0.0625
2025-11-17,Google Ads,Brand,232.9,639,25047,0.36,0.0255
2025-11-17,Meta Ads,Retargeting,160.49,1358,17004,0.12,0.0799
2025-11-17,TikTok Ads,Retargeting,448.63,673,46729,0.67,0.0144
2025-11-18,Google Ads,Retargeting,261.65,130,23717,2.01,0.0055
2025-11-18,Meta Ads,Prospecting,358.64,1293,32864,0.28,0.0393
2025-11-18,TikTok Ads,Prospecting,57.65,1887,9987,0.03,0.1889
2025-11-19,Google Ads,Retargeting,130.66,1539,37239,0.08,0.0413
2025-11-19,Meta Ads,Brand,78.92,1504,10303,0.05,0.146
2025-11-19,TikTok Ads,Brand,489.4,1450,29854,0.34,0.0486
2025-11-20,Google Ads,Retargeting,386.81,1971,8486,0.2,0.2323
2025-11-20,Meta Ads,Brand,259.48,89,18714,2.92,0.0048
2025-11-20,TikTok Ads,Prospecting,302.36,635,6537,0.48,0.0971
2025-11-21,Google Ads,Brand,153.96,1268,26161,0.12,0.0485
2025-11-21,Meta Ads,Prospecting,29.05,803,26209,0.04,0.0306
2025-11-21,TikTok Ads,Prospecting,41.32,441,25859,0.09,0.0171
2025-11-22,Google Ads,Brand,336.76,1110,4424,0.3,0.2509
2025-11-22,Meta Ads,Retargeting,166.47,1129,23793,0.15,0.0475
2025-11-22,TikTok Ads,Brand,456.83,1565,23034,0.29,0.0679
2025-11-23,Google Ads,Prospecting,408.92,1230,15191,0.33,0.081
2025-11-23,Meta Ads,Brand,183.65,1718,41732,0.11,0.0412
2025-11-23,TikTok Ads,Prospecting,435.56,1622,48790,0.27,0.0332
2025-11-24,Google Ads,Retargeting,381.15,1673,8157,0.23,0.2051
2025-11-24,Meta Ads,Retargeting,206.29,1497,45431,0.14,0.033
2025-11-24,TikTok Ads,Prospecting,432.09,1940,36046,0.22,0.0538
2025-11-25,Google Ads,Prospecting,223.44,1492,38244,0.15,0.039
2025-11-25,Meta Ads,Retargeting,144.85,1986,25988,0.07,0.0764
2025-11-25,TikTok Ads,Prospecting,377.9,1913,16612,0.2,0.1152
2025-11-26,Google Ads,Brand,455.7,594,45734,0.77,0.013
2025-11-26,Meta Ads,Prospecting,61.06,531,36573,0.11,0.0145
2025-11-26,TikTok Ads,Prospecting,182.02,828,3530,0.22,0.2346
2025-11-27,Google Ads,Retargeting,151.65,570,44203,0.27,0.0129
2025-11-27,Meta Ads,Prospecting,395.56,1679,40845,0.24,0.0411
2025-11-27,TikTok Ads,Brand,79.67,1184,44304,0.07,0.0267
2025-11-28,Google Ads,Prospecting,421.28,1755,12716,0.24,0.138
2025-11-28,Meta Ads,Prospecting,242.11,920,1581,0.26,0.5819
2025-11-28,TikTok Ads,Prospecting,37.76,754,32470,0.05,0.0232
2025-11-29,Google Ads,Retargeting,425.28,466,27778,0.91,0.0168
2025-11-29,Meta Ads,Brand,298.19,182,19117,1.64,0.0095
2025-11-29,TikTok Ads,Retargeting,284.69,1972,5197,0.14,0.3794
2025-11-30,Google Ads,Prospecting,106.31,1588,19097,0.07,0.0832
2025-11-30,Meta Ads,Prospecting,437.15,280,15904,1.56,0.0176
2025-11-30,TikTok Ads,Retargeting,103.76,1804,41497,0.06,0.0435
2025-12-01,Google Ads,Retargeting,43.8,254,43899,0.17,0.0058
2025-12-01,Meta Ads,Brand,108.44,1057,29856,0.1,0.0354
2025-12-01,TikTok Ads,Retargeting,172.32,1153,48012,0.15,0.024
2025-12-02,Google Ads,Brand,49.19,1483,17977,0.03,0.0825
2025-12-02,Meta Ads,Prospecting,27.74,1750,24156,0.02,0.0724
2025-12-02,TikTok Ads,Retargeting,364.79,1249,16381,0.29,0.0762
2025-12-03,Google Ads,Prospecting,72.4,1058,30085,0.07,0.0352
2025-12-03,Meta Ads,Brand,265.3,505,14372,0.53,0.0351
2025-12-03,TikTok Ads,Prospecting,293.78,1718,45631,0.17,0.0376
2025-12-04,Google Ads,Prospecting,54.27,893,19552,0.06,0.0457
2025-12-04,Meta Ads,Brand,31.85,1263,24611,0.03,0.0513
2025-12-04,TikTok Ads,Prospecting,488.05,1857,43728,0.26,0.0425
2025-12-05,Google Ads,Prospecting,245.93,622,41757,0.4,0.0149
2025-12-05,Meta Ads,Brand,96.95,111,20062,0.87,0.0055
2025-12-05,TikTok Ads,Brand,457.7,72,7962,6.36,0.009
2025-12-06,Google Ads,Retargeting,121.51,661,34475,0.18,0.0192
2025-12-06,Meta Ads,Retargeting,394.82,1060,39108,0.37,0.0271
2025-12-06,TikTok Ads,Retargeting,185.15,460,25827,0.4,0.0178
2025-12-07,Google Ads,Retargeting,35.65,1507,10835,0.02,0.1391
2025-12-07,Meta Ads,Prospecting,386.05,1349,6140,0.29,0.2197
2025-12-07,TikTok Ads,Brand,480.14,479,38054,1.0,0.0126
2025-12-08,Google Ads,Retargeting,498.95,1310,36928,0.38,0.0355
2025-12-08,Meta Ads,Retargeting,220.68,1521,8945,0.15,0.17
2025-12-08,TikTok Ads,Retargeting,403.14,1263,31954,0.32,0.0395
2025-12-09,Google Ads,Retargeting,271.74,923,21770,0.29,0.0424
2025-12-09,Meta Ads,Prospecting,113.61,1198,20206,0.09,0.0593
2025-12-09,TikTok Ads,Brand,177.77,1656,24721,0.11,0.067
2025-12-10,Google Ads,Brand,238.79,1552,8563,0.15,0.1812
2025-12-10,Meta Ads,Retargeting,135.7,1520,27864,0.09,0.0546
2025-12-10,TikTok Ads,Prospecting,58.25,1167,34137,0.05,0.0342
2025-12-11,Google Ads,Brand,459.03,1358,32729,0.34,0.0415
2025-12-11,Meta Ads,Retargeting,130.57,1630,28449,0.08,0.0573
2025-12-11,TikTok Ads,Brand,293.28,1713,9210,0.17,0.186
2025-12-12,Google Ads,Retargeting,137.57,1882,27713,0.07,0.0679
2025-12-12,Meta Ads,Retargeting,300.68,302,40685,1.0,0.0074
2025-12-12,TikTok Ads,Prospecting,402.01,719,21568,0.56,0.0333
2025-12-13,Google Ads,Brand,59.12,882,34097,0.07,0.0259
2025-12-13,Meta Ads,Brand,296.49,1315,13982,0.23,0.094
2025-12-13,TikTok Ads,Brand,440.67,51,11929,8.64,0.0043
2025-12-14,Google Ads,Brand,220.94,1587,37344,0.14,0.0425
2025-12-14,Meta Ads,Retargeting,466.46,1541,7618,0.3,0.2023
2025-12-14,TikTok Ads,Brand,437.34,1727,29273,0.25,0.059
2025-12-15,Google Ads,Brand,351.22,169,9675,2.08,0.0175
2025-12-15,Meta Ads,Retargeting,436.1,1901,26435,0.23,0.0719
2025-12-15,TikTok Ads,Prospecting,190.1,843,46673,0.23,0.0181
2025-12-16,Google Ads,Retargeting,135.89,620,8800,0.22,0.0705
2025-12-16,Meta Ads,Prospecting,450.76,1859,23062,0.24,0.0806
2025-12-16,TikTok Ads,Retargeting,312.2,240,48328,1.3,0.005
2025-12-17,Google Ads,Brand,55.4,1905,24262,0.03,0.0785
2025-12-17,Meta Ads,Prospecting,457.12,1311,30475,0.35,0.043
2025-12-17,TikTok Ads,Retargeting,420.71,612,32267,0.69,0.019
2025-12-18,Google Ads,Retargeting,84.61,395,48428,0.21,0.0082
2025-12-18,Meta Ads,Retargeting,459.84,1938,34382,0.24,0.0564
2025-12-18,TikTok Ads,Brand,93.08,35,39899,2.66,0.0009
2025-12-19,Google Ads,Retargeting,197.54,1349,30722,0.15,0.0439
2025-12-19,Meta Ads,Prospecting,173.81,381,34336,0.46,0.0111
2025-12-19,TikTok Ads,Retargeting,302.28,1954,7350,0.15,0.2659
2025-12-20,Google Ads,Brand,162.73,718,4164,0.23,0.1724
2025-12-20,Meta Ads,Retargeting,268.49,1095,38999,0.25,0.0281
2025-12-20,TikTok Ads,Retargeting,425.15,893,19694,0.48,0.0453
2025-12-21,Google Ads,Prospecting,204.35,1570,12692,0.13,0.1237
2025-12-21,Meta Ads,Brand,40.13,1955,49144,0.02,0.0398
2025-12-21,TikTok Ads,Retargeting,121.13,1083,19235,0.11,0.0563
2025-12-22,Google Ads,Retargeting,442.2,663,7518,0.67,0.0882
2025-12-22,Meta Ads,Prospecting,156.7,262,19864,0.6,0.0132
2025-12-22,TikTok Ads,Prospecting,253.59,478,12096,0.53,0.0395
2025-12-23,Google Ads,Prospecting,470.82,551,40725,0.85,0.0135
2025-12-23,Meta Ads,Brand,463.77,1384,19260,0.34,0.0719
2025-12-23,TikTok Ads,Brand,66.07,1150,34338,0.06,0.0335
2025-12-24,Google Ads,Brand,33.13,1868,3604,0.02,0.5183
2025-12-24,Meta Ads,Retargeting,278.2,419,1436,0.66,0.2918
2025-12-24,TikTok Ads,Prospecting,419.6,72,25218,5.83,0.0029
2025-12-25,Google Ads,Brand,155.28,1961,38431,0.08,0.051
2025-12-25,Meta Ads,Prospecting,371.4,1086,9269,0.34,0.1172
2025-12-25,TikTok Ads,Prospecting,161.57,244,47940,0.66,0.0051
2025-12-26,Google Ads,Retargeting,461.21,265,30124,1.74,0.0088
2025-12-26,Meta Ads,Prospecting,256.76,197,9966,1.3,0.0198
2025-12-26,TikTok Ads,Prospecting,371.18,258,24181,1.44,0.0107
2025-12-27,Google Ads,Brand,377.25,475,48668,0.79,0.0098
2025-12-27,Meta Ads,Brand,177.02,1058,22976,0.17,0.046
2025-12-27,TikTok Ads,Prospecting,237.66,1526,34609,0.16,0.0441
2025-12-28,Google Ads,Retargeting,392.98,1467,46084,0.27,0.0318
2025-12-28,Meta Ads,Prospecting,448.29,98,29401,4.57,0.0033
2025-12-28,TikTok Ads,Brand,467.54,1646,35163,0.28,0.0468
2025-12-29,Google Ads,Prospecting,111.39,1163,44327,0.1,0.0262
2025-12-29,Meta Ads,Retargeting,37.11,1319,42109,0.03,0.0313
2025-12-29,TikTok Ads,Brand,138.04,1220,25655,0.11,0.0476
2025-12-30,Google Ads,Brand,343.21,563,31809,0.61,0.0177
2025-12-30,Meta Ads,Brand,252.56,403,49074,0.63,0.0082
2025-12-30,TikTok Ads,Prospecting,155.65,426,42600,0.37,0.01
2025-12-31,Google Ads,Brand,476.4,1775,48401,0.27,0.0367
2025-12-31,Meta Ads,Retargeting,122.81,909,5408,0.14,0.1681
2025-12-31,TikTok Ads,Prospecting,287.71,447,47529,0.64,0.0094
