date,platform,campaign,spend,clicks,impressions
2025-01-01,Google Ads,Brand,345.23,1165,4421
2025-01-01,Meta Ads,Prospecting,427.97,842,7280
2025-01-01,TikTok Ads,Retargeting,380.94,497,40293
2025-01-02,Google Ads,Retargeting,319.52,948,26160
2025-01-02,Meta Ads,Prospecting,401.68,1822,41646
2025-01-02,TikTok Ads,Retargeting,68.61,1353,45287
2025-01-03,Google Ads,Brand,237.96,692,39522
2025-01-03,Meta Ads,Brand,71.84,45,40005
2025-01-03,TikTok Ads,Retargeting,52.42,1636,13688
2025-01-04,Google Ads,Retargeting,80.47,1062,17795
2025-01-04,Meta Ads,Prospecting,222.08,1504,41688
2025-01-04,TikTok Ads,Prospecting,109.24,301,3888
2025-01-05,Google Ads,Brand,81.29,1217,29563
2025-01-05,Meta Ads,Retargeting,480.68,1564,24445
2025-01-05,TikTok Ads,Prospecting,300.16,1128,10543
2025-01-06,Google Ads,Brand,245.37,1255,23472
2025-01-06,Meta Ads,Prospecting,197.04,36,34926
2025-01-06,TikTok Ads,Retargeting,335.68,316,4756
2025-01-07,Google Ads,Brand,263.41,1730,37664
2025-01-07,Meta Ads,Brand,222.59,420,14131
2025-01-07,TikTok Ads,Retargeting,456.08,1628,5482
2025-01-08,Google Ads,Prospecting,110.89,994,46533
2025-01-08,Meta Ads,Retargeting,491.32,1248,46378
2025-01-08,TikTok Ads,Prospecting,428.96,1179,22997
2025-01-09,Google Ads,Retargeting,163.82,693,11635
2025-01-09,Meta Ads,Brand,238.07,1636,3765
2025-01-09,TikTok Ads,Prospecting,125.31,27,42862
2025-01-10,Google Ads,Brand,352.75,975,41889
2025-01-10,Meta Ads,Brand,134.73,1524,22726
2025-01-10,TikTok Ads,Retargeting,200.44,839,13074
2025-01-11,Google Ads,Brand,194.15,171,24454
2025-01-11,Meta Ads,Brand,286.25,311,20043
2025-01-11,TikTok Ads,Prospecting,113.31,1219,24587
2025-01-12,Google Ads,Brand,488.15,427,13964
2025-01-12,Meta Ads,Prospecting,103.59,1833,18170
2025-01-12,TikTok Ads,Retargeting,103.66,1755,37340
2025-01-13,Google Ads,Brand,105.7,64,12539
2025-01-13,Meta Ads,Prospecting,457.11,62,45397
2025-01-13,TikTok Ads,Brand,201.88,1632,8272
2025-01-14,Google Ads,Prospecting,469.33,644,30897
2025-01-14,Meta Ads,Brand,197.43,782,44313
2025-01-14,TikTok Ads,Brand,471.76,1656,41842
2025-01-15,Google Ads,Prospecting,441.63,153,8765
2025-01-15,Meta Ads,Brand,443.71,287,13428
2025-01-15,TikTok Ads,Brand,275.63,1442,25527
2025-01-16,Google Ads,Prospecting,307.78,1322,17026
2025-01-16,Meta Ads,Brand,386.28,1222,13392
2025-01-16,TikTok Ads,Retargeting,161.21,324,22474
2025-01-17,Google Ads,Brand,45.56,1649,19354
2025-01-17,Meta Ads,Brand,428.72,1216,33046
2025-01-17,TikTok Ads,Brand,369.1,1626,31845
2025-01-18,Google Ads,Retargeting,315.15,362,34332
2025-01-18,Meta Ads,Prospecting,380.63,1341,34368
2025-01-18,TikTok Ads,Prospecting,259.32,970,12730
2025-01-19,Google Ads,Prospecting,361.99,1096,46515
2025-01-19,Meta Ads,Prospecting,363.51,1033,32048
2025-01-19,TikTok Ads,Prospecting,298.97,1326,39271
2025-01-20,Google Ads,Retargeting,37.57,469,14303
2025-01-20,Meta Ads,Prospecting,434.32,830,15325
2025-01-20,TikTok Ads,Prospecting,224.01,792,38445
2025-01-21,Google Ads,Brand,469.04,786,17680
2025-01-21,Meta Ads,Retargeting,60.68,1559,6506
2025-01-21,TikTok Ads,Prospecting,233.36,740,16084
2025-01-22,Google Ads,Retargeting,39.75,1069,41706
2025-01-22,Meta Ads,Prospecting,224.53,977,29344
2025-01-22,TikTok Ads,Prospecting,196.41,1038,21776
2025-01-23,Google Ads,Prospecting,203.54,387,29946
2025-01-23,Meta Ads,Brand,147.5,175,24533
2025-01-23,TikTok Ads,Brand,161.37,1047,34606
2025-01-24,Google Ads,Retargeting,328.95,1629,19115
2025-01-24,Meta Ads,Brand,67.24,166,24608
2025-01-24,TikTok Ads,Brand,282.09,703,13887
2025-01-25,Google Ads,Retargeting,178.04,639,49838
2025-01-25,Meta Ads,Retargeting,425.82,410,47244
2025-01-25,TikTok Ads,Retargeting,499.04,1771,47935
2025-01-26,Google Ads,Retargeting,280.7,554,1559
2025-01-26,Meta Ads,Prospecting,155.29,729,27464
2025-01-26,TikTok Ads,Prospecting,414.49,1571,43946
2025-01-27,Google Ads,Brand,246.56,1069,10783
2025-01-27,Meta Ads,Prospecting,129.24,1501,14754
2025-01-27,TikTok Ads,Prospecting,132.19,1222,37216
2025-01-28,Google Ads,Prospecting,366.8,964,23325
2025-01-28,Meta Ads,Brand,170.28,404,29101
2025-01-28,TikTok Ads,Retargeting,220.49,918,30489
2025-01-29,Google Ads,Retargeting,34.45,304,38847
2025-01-29,Meta Ads,Brand,166.67,1531,1634
2025-01-29,TikTok Ads,Prospecting,408.99,1728,24243
2025-01-30,Google Ads,Prospecting,128.24,891,45942
2025-01-30,Meta Ads,Prospecting,386.16,1434,36232
2025-01-30,TikTok Ads,Prospecting,176.52,67,38196
2025-01-31,Google Ads,Brand,462.63,334,22643
2025-01-31,Meta Ads,Retargeting,322.32,1254,40835
2025-01-31,TikTok Ads,Retargeting,436.13,800,14382
2025-02-01,Google Ads,Prospecting,50.58,811,13342
2025-02-01,Meta Ads,Prospecting,72.15,1186,30591
2025-02-01,TikTok Ads,Retargeting,449.48,210,12234
2025-02-02,Google Ads,Brand,343.95,383,3101
2025-02-02,Meta Ads,Retargeting,309.61,74,13235
2025-02-02,TikTok Ads,Brand,53.36,1992,26289
2025-02-03,Google Ads,Prospecting,118.83,616,44225
2025-02-03,Meta Ads,Retargeting,53.59,137,25159
2025-02-03,TikTok Ads,Retargeting,25.3,689,27926
2025-02-04,Google Ads,Prospecting,95.38,246,9463
2025-02-04,Meta Ads,Retargeting,220.84,1541,5506
2025-02-04,TikTok Ads,Prospecting,478.45,1792,14531
2025-02-05,Google Ads,Brand,437.82,654,29324
2025-02-05,Meta Ads,Retargeting,339.1,345,40564
2025-02-05,TikTok Ads,Retargeting,470.79,1223,14302
2025-02-06,Google Ads,Retargeting,364.05,959,19051
2025-02-06,Meta Ads,Brand,23.57,312,30211
2025-02-06,TikTok Ads,Brand,415.8,1258,17176
2025-02-07,Google Ads,Retargeting,177.87,1185,33175
2025-02-07,Meta Ads,Prospecting,242.09,100,49319
2025-02-07,TikTok Ads,Brand,158.2,1824,30904
2025-02-08,Google Ads,Prospecting,356.15,1477,20493
2025-02-08,Meta Ads,Prospecting,314.25,1678,12477
2025-02-08,TikTok Ads,Prospecting,139.58,1863,41483
2025-02-09,Google Ads,Retargeting,227.4,807,44193
2025-02-09,Meta Ads,Brand,355.29,215,26791
2025-02-09,TikTok Ads,Retargeting,473.93,510,11350
2025-02-10,Google Ads,Prospecting,443.63,1121,20129
2025-02-10,Meta Ads,Retargeting,459.82,1449,48614
2025-02-10,TikTok Ads,Retargeting,453.07,1881,33341
2025-02-11,Google Ads,Prospecting,496.35,1152,8944
2025-02-11,Meta Ads,Prospecting,56.74,235,34056
2025-02-11,TikTok Ads,Prospecting,216.85,357,17565
2025-02-12,Google Ads,Brand,262.91,966,2750
2025-02-12,Meta Ads,Brand,326.66,1403,31271
2025-02-12,TikTok Ads,Prospecting,184.96,837,13740
2025-02-13,Google Ads,Prospecting,38.13,533,8515
2025-02-13,Meta Ads,Retargeting,460.23,689,44928
2025-02-13,TikTok Ads,Retargeting,242.84,964,5471
2025-02-14,Google Ads,Brand,283.25,516,47765
2025-02-14,Meta Ads,Prospecting,87.32,1700,19293
2025-02-14,TikTok Ads,Brand,101.88,56,40779
2025-02-15,Google Ads,Brand,105.07,274,36039
2025-02-15,Meta Ads,Retargeting,207.61,178,45000
2025-02-15,TikTok Ads,Brand,345.14,334,29878
2025-02-16,Google Ads,Prospecting,105.41,1483,3257
2025-02-16,Meta Ads,Retargeting,275.5,925,46661
2025-02-16,TikTok Ads,Brand,421.52,1681,35267
2025-02-17,Google Ads,Retargeting,338.02,1371,7736
2025-02-17,Meta Ads,Prospecting,351.37,929,4435
2025-02-17,TikTok Ads,Retargeting,22.24,1601,25732
2025-02-18,Google Ads,Brand,465.83,787,16632
2025-02-18,Meta Ads,Brand,63.87,883,2831
2025-02-18,TikTok Ads,Brand,181.82,413,45561
2025-02-19,Google Ads,Retargeting,50.32,1983,7330
2025-02-19,Meta Ads,Retargeting,100.58,362,3884
2025-02-19,TikTok Ads,Prospecting,266.0,1690,22439
2025-02-20,Google Ads,Prospecting,289.79,408,41938
2025-02-20,Meta Ads,Brand,468.48,829,29041
2025-02-20,TikTok Ads,Brand,131.56,236,24368
2025-02-21,Google Ads,Prospecting,103.34,843,43860
2025-02-21,Meta Ads,Prospecting,25.75,455,31066
2025-02-21,TikTok Ads,Brand,51.69,1689,19248
2025-02-22,Google Ads,Retargeting,319.48,109,5412
2025-02-22,Meta Ads,Brand,217.33,1591,40247
2025-02-22,TikTok Ads,Prospecting,491.89,228,47696
2025-02-23,Google Ads,Retargeting,399.8,1908,38303
2025-02-23,Meta Ads,Brand,140.93,214,40312
2025-02-23,TikTok Ads,Prospecting,491.08,1446,26465
2025-02-24,Google Ads,Retargeting,463.79,1599,46463
2025-02-24,Meta Ads,Brand,179.38,1321,46064
2025-02-24,TikTok Ads,Prospecting,489.45,1384,32596
2025-02-25,Google Ads,Brand,180.85,1266,39340
2025-02-25,Meta Ads,Prospecting,203.54,1331,49615
2025-02-25,TikTok Ads,Brand,261.64,1463,1871
2025-02-26,Google Ads,Brand,30.18,1574,9130
2025-02-26,Meta Ads,Prospecting,133.47,897,16961
2025-02-26,TikTok Ads,Retargeting,58.11,301,25544
2025-02-27,Google Ads,Prospecting,162.38,330,25625
2025-02-27,Meta Ads,Brand,328.18,507,48533
2025-02-27,TikTok Ads,Retargeting,494.5,928,49447
2025-02-28,Google Ads,Prospecting,84.45,670,43179
2025-02-28,Meta Ads,Brand,270.02,869,43470
2025-02-28,TikTok Ads,Prospecting,380.26,489,49029
2025-03-01,Google Ads,Prospecting,184.51,441,36344
2025-03-01,Meta Ads,Brand,455.18,1381,17275
2025-03-01,TikTok Ads,Retargeting,354.21,475,40850
2025-03-02,Google Ads,Prospecting,270.31,395,29990
2025-03-02,Meta Ads,Retargeting,22.9,1801,33220
2025-03-02,TikTok Ads,Brand,477.76,126,42573
2025-03-03,Google Ads,Brand,470.37,277,7013
2025-03-03,Meta Ads,Brand,304.46,1722,14393
2025-03-03,TikTok Ads,Brand,263.56,892,48512
2025-03-04,Google Ads,Prospecting,169.5,1497,13945
2025-03-04,Meta Ads,Brand,223.53,1260,17316
2025-03-04,TikTok Ads,Prospecting,156.97,938,42654
2025-03-05,Google Ads,Brand,150.49,1620,32534
2025-03-05,Meta Ads,Brand,476.49,756,27099
2025-03-05,TikTok Ads,Prospecting,100.53,923,28701
2025-03-06,Google Ads,Retargeting,312.51,907,11215
2025-03-06,Meta Ads,Prospecting,29.51,801,29009
2025-03-06,TikTok Ads,Brand,384.25,1907,20675
2025-03-07,Google Ads,Retargeting,277.85,1152,48621
2025-03-07,Meta Ads,Brand,143.5,969,21044
2025-03-07,TikTok Ads,Prospecting,155.95,1171,40716
2025-03-08,Google Ads,Prospecting,54.53,299,47849
2025-03-08,Meta Ads,Prospecting,113.94,1896,13427
2025-03-08,TikTok Ads,Brand,26.16,1045,48865
2025-03-09,Google Ads,Retargeting,199.64,848,28251
2025-03-09,Meta Ads,Prospecting,485.84,784,26168
2025-03-09,TikTok Ads,Prospecting,167.75,1224,5668
2025-03-10,Google Ads,Prospecting,444.8,1907,9157
2025-03-10,Meta Ads,Prospecting,467.42,352,13728
2025-03-10,TikTok Ads,Prospecting,479.41,1599,48333
2025-03-11,Google Ads,Prospecting,264.61,1020,42614
2025-03-11,Meta Ads,Retargeting,196.73,138,43657
2025-03-11,TikTok Ads,Prospecting,464.73,1526,17173
2025-03-12,Google Ads,Brand,249.31,1907,24685
2025-03-12,Meta Ads,Retargeting,359.15,77,46709
2025-03-12,TikTok Ads,Retargeting,329.76,555,40677
2025-03-13,Google Ads,Prospecting,473.25,321,17665
2025-03-13,Meta Ads,Brand,309.03,1969,44424
2025-03-13,TikTok Ads,Brand,25.92,1598,7049
2025-03-14,Google Ads,Retargeting,361.57,807,27061
2025-03-14,Meta Ads,Retargeting,301.36,1865,6265
2025-03-14,TikTok Ads,Retargeting,456.78,1814,28718
2025-03-15,Google Ads,Brand,418.28,537,46340
2025-03-15,Meta Ads,Prospecting,260.31,1111,44154
2025-03-15,TikTok Ads,Prospecting,301.32,1523,27975
2025-03-16,Google Ads,Retargeting,437.32,243,42692
2025-03-16,Meta Ads,Retargeting,392.81,725,10352
2025-03-16,TikTok Ads,Prospecting,379.39,1924,27081
2025-03-17,Google Ads,Retargeting,167.89,364,33225
2025-03-17,Meta Ads,Brand,66.5,1604,46633
2025-03-17,TikTok Ads,Prospecting,271.98,1360,19896
2025-03-18,Google Ads,Retargeting,226.86,381,25553
2025-03-18,Meta Ads,Brand,357.94,425,32881
2025-03-18,TikTok Ads,Brand,261.25,245,30534
2025-03-19,Google Ads,Retargeting,410.9,400,14168
2025-03-19,Meta Ads,Brand,379.96,1677,13575
2025-03-19,TikTok Ads,Prospecting,491.81,1805,27790
2025-03-20,Google Ads,Prospecting,320.88,1298,8156
2025-03-20,Meta Ads,Retargeting,99.74,620,6616
2025-03-20,TikTok Ads,Prospecting,79.85,151,23423
2025-03-21,Google Ads,Brand,301.11,998,32797
2025-03-21,Meta Ads,Retargeting,385.06,39,5001
2025-03-21,TikTok Ads,Prospecting,380.86,34,44602
2025-03-22,Google Ads,Retargeting,398.82,105,7346
2025-03-22,Meta Ads,Brand,270.72,34,25619
2025-03-22,TikTok Ads,Retargeting,269.64,1990,18421
2025-03-23,Google Ads,Prospecting,247.15,710,40608
2025-03-23,Meta Ads,Prospecting,181.54,1416,23483
2025-03-23,TikTok Ads,Prospecting,412.09,1947,24672
2025-03-24,Google Ads,Retargeting,211.27,1270,4751
2025-03-24,Meta Ads,Prospecting,439.08,1671,7565
2025-03-24,TikTok Ads,Brand,239.32,1450,27332
2025-03-25,Google Ads,Retargeting,421.0,1914,10100
2025-03-25,Meta Ads,Brand,308.92,1799,35775
2025-03-25,TikTok Ads,Prospecting,476.51,1558,17288
2025-03-26,Google Ads,Prospecting,236.92,1425,44180
2025-03-26,Meta Ads,Prospecting,267.16,1372,13316
2025-03-26,TikTok Ads,Brand,493.37,1981,22114
2025-03-27,Google Ads,Brand,324.21,1808,3998
2025-03-27,Meta Ads,Retargeting,176.25,929,16306
2025-03-27,TikTok Ads,Retargeting,252.58,1533,41146
2025-03-28,Google Ads,Brand,187.2,1943,32203
2025-03-28,Meta Ads,Retargeting,431.41,1873,7583
2025-03-28,TikTok Ads,Retargeting,204.73,1263,13784
2025-03-29,Google Ads,Retargeting,88.72,1085,38479
2025-03-29,Meta Ads,Retargeting,262.23,281,33632
2025-03-29,TikTok Ads,Brand,164.65,1398,36962
2025-03-30,Google Ads,Prospecting,100.67,933,8581
2025-03-30,Meta Ads,Prospecting,338.07,513,16948
2025-03-30,TikTok Ads,Brand,101.81,1953,44237
2025-03-31,Google Ads,Retargeting,62.93,910,47908
2025-03-31,Meta Ads,Brand,96.91,1922,22397
2025-03-31,TikTok Ads,Prospecting,387.83,471,48131
2025-04-01,Google Ads,Prospecting,339.65,1968,44948
2025-04-01,Meta Ads,Brand,339.43,1909,36031
2025-04-01,TikTok Ads,Retargeting,368.2,205,46336
2025-04-02,Google Ads,Prospecting,438.53,1928,38746
2025-04-02,Meta Ads,Retargeting,51.04,722,25707
2025-04-02,TikTok Ads,Retargeting,376.62,1504,26011
2025-04-03,Google Ads,Retargeting,328.21,1170,29636
2025-04-03,Meta Ads,Brand,127.3,256,20069
2025-04-03,TikTok Ads,Brand,73.46,716,49534
2025-04-04,Google Ads,Retargeting,469.86,1544,8609
2025-04-04,Meta Ads,Retargeting,196.51,1767,21537
2025-04-04,TikTok Ads,Prospecting,296.92,23,21368
2025-04-05,Google Ads,Brand,303.23,408,26437
2025-04-05,Meta Ads,Prospecting,173.43,767,45518
2025-04-05,TikTok Ads,Brand,269.48,1252,39717
2025-04-06,Google Ads,Brand,71.16,38,36277
2025-04-06,Meta Ads,Prospecting,171.64,1691,20452
2025-04-06,TikTok Ads,Brand,259.92,953,10661
2025-04-07,Google Ads,Retargeting,156.03,1549,44604
2025-04-07,Meta Ads,Retargeting,36.49,675,21243
2025-04-07,TikTok Ads,Retargeting,495.36,272,18920
2025-04-08,Google Ads,Retargeting,295.51,1312,15136
2025-04-08,Meta Ads,Prospecting,159.92,1999,25687
2025-04-08,TikTok Ads,Brand,490.95,702,11007
2025-04-09,Google Ads,Retargeting,121.09,1520,15750
2025-04-09,Meta Ads,Retargeting,373.15,1910,12732
2025-04-09,TikTok Ads,Prospecting,369.15,632,44204
2025-04-10,Google Ads,Brand,495.71,1142,26708
2025-04-10,Meta Ads,Prospecting,222.77,989,23826
2025-04-10,TikTok Ads,Prospecting,207.71,1101,48628
2025-04-11,Google Ads,Prospecting,155.53,1910,13785
2025-04-11,Meta Ads,Retargeting,431.0,826,7377
2025-04-11,TikTok Ads,Brand,175.24,1640,39036
2025-04-12,Google Ads,Brand,427.91,1473,20927
2025-04-12,Meta Ads,Prospecting,334.22,1202,10015
2025-04-12,TikTok Ads,Prospecting,354.06,616,10491
2025-04-13,Google Ads,Brand,124.71,1552,13822
2025-04-13,Meta Ads,Retargeting,332.59,761,48576
2025-04-13,TikTok Ads,Retargeting,68.93,1628,10673
2025-04-14,Google Ads,Prospecting,476.19,894,45528
2025-04-14,Meta Ads,Brand,464.47,216,24303
2025-04-14,TikTok Ads,Prospecting,106.22,127,8690
2025-04-15,Google Ads,Retargeting,332.05,1235,29430
2025-04-15,Meta Ads,Brand,320.95,847,17056
2025-04-15,TikTok Ads,Brand,77.03,832,33022
2025-04-16,Google Ads,Prospecting,350.23,1974,12304
2025-04-16,Meta Ads,Retargeting,377.7,1608,46337
2025-04-16,TikTok Ads,Retargeting,336.09,1612,31387
2025-04-17,Google Ads,Retargeting,203.41,1315,43807
2025-04-17,Meta Ads,Prospecting,196.32,265,8643
2025-04-17,TikTok Ads,Brand,78.58,1333,44829
2025-04-18,Google Ads,Retargeting,127.97,1221,38550
2025-04-18,Meta Ads,Retargeting,250.16,1440,49847
2025-04-18,TikTok Ads,Brand,401.28,390,26163
2025-04-19,Google Ads,Prospecting,499.98,1459,29420
2025-04-19,Meta Ads,Prospecting,294.28,223,22314
2025-04-19,TikTok Ads,Brand,362.61,1785,36226
2025-04-20,Google Ads,Brand,214.56,1455,2294
2025-04-20,Meta Ads,Prospecting,286.91,1118,35739
2025-04-20,TikTok Ads,Prospecting,50.69,1734,39320
2025-04-21,Google Ads,Retargeting,362.6,1638,43709
2025-04-21,Meta Ads,Brand,381.68,444,44160
2025-04-21,TikTok Ads,Brand,106.72,1246,46561
2025-04-22,Google Ads,Brand,22.56,935,21597
2025-04-22,Meta Ads,Brand,38.79,1197,14515
2025-04-22,TikTok Ads,Retargeting,97.38,1171,17827
2025-04-23,Google Ads,Brand,60.61,275,34170
2025-04-23,Meta Ads,Prospecting,194.51,1134,12246
2025-04-23,TikTok Ads,Prospecting,489.01,1367,1005
2025-04-24,Google Ads,Brand,164.29,1957,35042
2025-04-24,Meta Ads,Prospecting,336.4,931,10165
2025-04-24,TikTok Ads,Retargeting,255.41,660,35253
2025-04-25,Google Ads,Prospecting,310.96,1065,14752
2025-04-25,Meta Ads,Retargeting,67.52,1698,3931
2025-04-25,TikTok Ads,Brand,37.63,310,20641
2025-04-26,Google Ads,Brand,479.56,1253,37180
2025-04-26,Meta Ads,Brand,304.06,588,9420
2025-04-26,TikTok Ads,Retargeting,318.71,172,37034
2025-04-27,Google Ads,Prospecting,145.12,1350,11703
2025-04-27,Meta Ads,Prospecting,238.91,1954,17657
2025-04-27,TikTok Ads,Retargeting,224.16,1442,10387
2025-04-28,Google Ads,Retargeting,117.81,1309,49016
2025-04-28,Meta Ads,Prospecting,497.77,1447,43308
2025-04-28,TikTok Ads,Brand,362.93,1174,44077
2025-04-29,Google Ads,Retargeting,413.84,1258,11750
2025-04-29,Meta Ads,Prospecting,414.35,667,29418
2025-04-29,TikTok Ads,Prospecting,32.44,1256,17220
2025-04-30,Google Ads,Brand,149.66,1108,8208
2025-04-30,Meta Ads,Retargeting,283.22,155,22584
2025-04-30,TikTok Ads,Retargeting,62.71,1882,22857
2025-05-01,Google Ads,Prospecting,90.24,1654,15795
2025-05-01,Meta Ads,Prospecting,24.73,792,15563
2025-05-01,TikTok Ads,Prospecting,476.86,1623,9093
2025-05-02,Google Ads,Brand,272.71,1813,21090
2025-05-02,Meta Ads,Retargeting,414.24,1022,7261
2025-05-02,TikTok Ads,Retargeting,187.47,1191,19480
2025-05-03,Google Ads,Retargeting,150.11,222,4143
2025-05-03,Meta Ads,Brand,172.64,1559,26530
2025-05-03,TikTok Ads,Brand,185.68,1538,45421
2025-05-04,Google Ads,Retargeting,284.8,1826,27388
2025-05-04,Meta Ads,Prospecting,304.31,550,1622
2025-05-04,TikTok Ads,Retargeting,266.51,338,44094
2025-05-05,Google Ads,Brand,88.48,1182,49196
2025-05-05,Meta Ads,Prospecting,45.38,1505,42890
2025-05-05,TikTok Ads,Prospecting,359.6,530,45447
2025-05-06,Google Ads,Retargeting,220.76,957,12999
2025-05-06,Meta Ads,Prospecting,493.4,1655,31714
2025-05-06,TikTok Ads,Retargeting,157.67,1970,29034
2025-05-07,Google Ads,Retargeting,472.0,1825,15992
2025-05-07,Meta Ads,Prospecting,325.1,198,21031
2025-05-07,TikTok Ads,Prospecting,389.88,1751,6907
2025-05-08,Google Ads,Retargeting,58.15,1514,16731
2025-05-08,Meta Ads,Brand,99.25,137,6543
2025-05-08,TikTok Ads,Retargeting,157.21,1923,33299
2025-05-09,Google Ads,Brand,481.84,888,45370
2025-05-09,Meta Ads,Retargeting,467.57,299,32434
2025-05-09,TikTok Ads,Prospecting,267.21,1406,35891
2025-05-10,Google Ads,Retargeting,79.85,48,41388
2025-05-10,Meta Ads,Brand,457.23,1547,1477
2025-05-10,TikTok Ads,Retargeting,223.99,1114,23613
2025-05-11,Google Ads,Brand,497.23,1374,35610
2025-05-11,Meta Ads,Retargeting,312.41,1263,30402
2025-05-11,TikTok Ads,Brand,343.77,1826,35309
2025-05-12,Google Ads,Brand,103.91,771,9737
2025-05-12,Meta Ads,Retargeting,189.58,124,28703
2025-05-12,TikTok Ads,Prospecting,201.97,784,8420
2025-05-13,Google Ads,Prospecting,458.74,531,36331
2025-05-13,Meta Ads,Brand,159.23,1009,20237
2025-05-13,TikTok Ads,Prospecting,122.27,1531,42364
2025-05-14,Google Ads,Retargeting,208.94,1910,20976
2025-05-14,Meta Ads,Retargeting,267.45,1849,3321
2025-05-14,TikTok Ads,Prospecting,448.4,1757,32999
2025-05-15,Google Ads,Brand,190.76,1280,31169
2025-05-15,Meta Ads,Prospecting,163.21,239,1337
2025-05-15,TikTok Ads,Prospecting,447.29,401,27349
2025-05-16,Google Ads,Prospecting,24.25,902,33246
2025-05-16,Meta Ads,Brand,60.68,1073,11073
2025-05-16,TikTok Ads,Prospecting,79.44,1018,1452
2025-05-17,Google Ads,Brand,389.33,532,15817
2025-05-17,Meta Ads,Prospecting,209.77,632,24887
2025-05-17,TikTok Ads,Prospecting,448.25,1118,18660
2025-05-18,Google Ads,Brand,494.9,1364,29793
2025-05-18,Meta Ads,Brand,87.14,1550,29440
2025-05-18,TikTok Ads,Brand,192.43,1802,47479
2025-05-19,Google Ads,Brand,73.12,603,3638
2025-05-19,Meta Ads,Brand,209.38,1543,22706
2025-05-19,TikTok Ads,Brand,96.95,427,32411
2025-05-20,Google Ads,Retargeting,491.81,263,28596
2025-05-20,Meta Ads,Prospecting,284.06,1658,45678
2025-05-20,TikTok Ads,Retargeting,81.17,1558,27206
2025-05-21,Google Ads,Retargeting,368.48,1539,26483
2025-05-21,Meta Ads,Brand,72.67,240,2386
2025-05-21,TikTok Ads,Brand,94.66,1044,1894
2025-05-22,Google Ads,Retargeting,133.52,1409,23422
2025-05-22,Meta Ads,Prospecting,488.69,1530,1526
2025-05-22,TikTok Ads,Prospecting,250.49,597,32845
2025-05-23,Google Ads,Brand,385.23,527,41475
2025-05-23,Meta Ads,Brand,370.04,402,17349
2025-05-23,TikTok Ads,Prospecting,388.03,1789,18270
2025-05-24,Google Ads,Retargeting,138.73,1700,29125
2025-05-24,Meta Ads,Brand,247.47,1623,7754
2025-05-24,TikTok Ads,Retargeting,370.62,1271,12874
2025-05-25,Google Ads,Brand,496.42,1230,42216
2025-05-25,Meta Ads,Retargeting,91.39,266,9670
2025-05-25,TikTok Ads,Prospecting,38.42,413,10581
2025-05-26,Google Ads,Prospecting,28.48,428,6959
2025-05-26,Meta Ads,Brand,202.57,1095,21083
2025-05-26,TikTok Ads,Retargeting,323.99,493,15534
2025-05-27,Google Ads,Prospecting,224.52,145,34414
2025-05-27,Meta Ads,Prospecting,329.06,643,8212
2025-05-27,TikTok Ads,Prospecting,194.52,1951,24004
2025-05-28,Google Ads,Retargeting,220.68,675,4116
2025-05-28,Meta Ads,Brand,39.63,126,44281
2025-05-28,TikTok Ads,Retargeting,174.39,604,31936
2025-05-29,Google Ads,Prospecting,456.07,226,29239
2025-05-29,Meta Ads,Brand,141.09,1026,24827
2025-05-29,TikTok Ads,Prospecting,166.09,218,44840
2025-05-30,Google Ads,Brand,347.82,1597,9539
2025-05-30,Meta Ads,Prospecting,193.07,1678,24683
2025-05-30,TikTok Ads,Retargeting,393.83,1103,40630
2025-05-31,Google Ads,Prospecting,134.36,585,14764
2025-05-31,Meta Ads,Retargeting,204.34,1836,7970
2025-05-31,TikTok Ads,Brand,322.19,1252,8887
2025-06-01,Google Ads,Brand,301.55,1888,43883
2025-06-01,Meta Ads,Brand,112.61,932,7464
2025-06-01,TikTok Ads,Brand,472.07,1287,23472
2025-06-02,Google Ads,Prospecting,368.17,1578,14238
2025-06-02,Meta Ads,Retargeting,365.97,109,9377
2025-06-02,TikTok Ads,Brand,220.74,1477,17549
2025-06-03,Google Ads,Retargeting,488.06,1852,24986
2025-06-03,Meta Ads,Prospecting,322.34,260,29581
2025-06-03,TikTok Ads,Brand,251.75,1092,34021
2025-06-04,Google Ads,Brand,100.13,581,46659
2025-06-04,Meta Ads,Brand,159.04,1977,38104
2025-06-04,TikTok Ads,Brand,401.31,1440,13464
2025-06-05,Google Ads,Retargeting,410.98,1033,45872
2025-06-05,Meta Ads,Retargeting,437.72,173,11847
2025-06-05,TikTok Ads,Prospecting,380.35,806,37863
2025-06-06,Google Ads,Prospecting,212.41,576,14561
2025-06-06,Meta Ads,Brand,21.73,1191,15274
2025-06-06,TikTok Ads,Retargeting,354.43,1820,34606
2025-06-07,Google Ads,Prospecting,261.83,1495,35411
2025-06-07,Meta Ads,Prospecting,165.64,471,20422
2025-06-07,TikTok Ads,Retargeting,148.89,263,12213
2025-06-08,Google Ads,Brand,41.89,507,20126
2025-06-08,Meta Ads,Brand,327.02,1949,19203
2025-06-08,TikTok Ads,Brand,149.81,1639,4376
2025-06-09,Google Ads,Retargeting,490.41,1706,14760
2025-06-09,Meta Ads,Retargeting,75.77,1348,23771
2025-06-09,TikTok Ads,Retargeting,310.48,775,22270
2025-06-10,Google Ads,Brand,474.29,1830,36997
2025-06-10,Meta Ads,Prospecting,366.6,856,41074
2025-06-10,TikTok Ads,Prospecting,175.82,137,42022
2025-06-11,Google Ads,Brand,415.49,469,48872
2025-06-11,Meta Ads,Prospecting,104.83,52,36218
2025-06-11,TikTok Ads,Retargeting,489.81,1613,39224
2025-06-12,Google Ads,Brand,366.85,1429,26033
2025-06-12,Meta Ads,Retargeting,143.53,1302,42569
2025-06-12,TikTok Ads,Retargeting,284.42,1692,29979
2025-06-13,Google Ads,Brand,175.65,437,39119
2025-06-13,Meta Ads,Retargeting,407.71,1561,26917
2025-06-13,TikTok Ads,Brand,234.11,1514,48597
2025-06-14,Google Ads,Prospecting,196.95,1867,32392
2025-06-14,Meta Ads,Brand,258.06,960,13125
2025-06-14,TikTok Ads,Brand,110.65,1024,48807
2025-06-15,Google Ads,Brand,330.83,63,21326
2025-06-15,Meta Ads,Brand,444.92,1694,26834
2025-06-15,TikTok Ads,Retargeting,311.75,162,10405
2025-06-16,Google Ads,Brand,224.67,951,43278
2025-06-16,Meta Ads,Prospecting,68.11,1098,9997
2025-06-16,TikTok Ads,Retargeting,380.21,44,40537
2025-06-17,Google Ads,Brand,201.38,62,8211
2025-06-17,Meta Ads,Brand,386.45,1339,3866
2025-06-17,TikTok Ads,Brand,139.2,191,18541
2025-06-18,Google Ads,Brand,470.53,1248,1884
2025-06-18,Meta Ads,Brand,479.66,237,36544
2025-06-18,TikTok Ads,Retargeting,412.76,1766,47363
2025-06-19,Google Ads,Brand,117.11,1003,37887
2025-06-19,Meta Ads,Prospecting,411.42,649,22741
2025-06-19,TikTok Ads,Prospecting,94.17,134,36620
2025-06-20,Google Ads,Retargeting,148.38,1133,9065
2025-06-20,Meta Ads,Brand,415.96,230,36693
2025-06-20,TikTok Ads,Prospecting,69.23,1835,28216
2025-06-21,Google Ads,Brand,20.58,479,2572
2025-06-21,Meta Ads,Brand,225.03,321,24154
2025-06-21,TikTok Ads,Retargeting,157.69,1907,45853
2025-06-22,Google Ads,Prospecting,349.65,1484,8366
2025-06-22,Meta Ads,Prospecting,101.39,245,15714
2025-06-22,TikTok Ads,Brand,479.1,597,24416
2025-06-23,Google Ads,Brand,315.53,262,24625
2025-06-23,Meta Ads,Brand,449.88,1258,10902
2025-06-23,TikTok Ads,Brand,225.74,705,40296
2025-06-24,Google Ads,Brand,346.13,327,44730
2025-06-24,Meta Ads,Retargeting,164.75,1694,19809
2025-06-24,TikTok Ads,Prospecting,440.19,575,33718
2025-06-25,Google Ads,Retargeting,197.17,563,47616
2025-06-25,Meta Ads,Brand,398.65,1784,10741
2025-06-25,TikTok Ads,Retargeting,90.36,322,26598
2025-06-26,Google Ads,Prospecting,366.24,1628,32354
2025-06-26,Meta Ads,Brand,74.32,895,48625
2025-06-26,TikTok Ads,Prospecting,89.44,681,9358
2025-06-27,Google Ads,Brand,388.42,742,21926
2025-06-27,Meta Ads,Prospecting,223.44,1440,28128
2025-06-27,TikTok Ads,Retargeting,400.88,702,10058
2025-06-28,Google Ads,Retargeting,462.37,804,28437
2025-06-28,Meta Ads,Retargeting,258.61,1113,33283
2025-06-28,TikTok Ads,Retargeting,277.38,491,26206
2025-06-29,Google Ads,Brand,298.86,883,35533
2025-06-29,Meta Ads,Retargeting,392.76,1681,15374
2025-06-29,TikTok Ads,Retargeting,61.88,760,1187
2025-06-30,Google Ads,Brand,497.07,55,24750
2025-06-30,Meta Ads,Retargeting,247.48,293,8219
2025-06-30,TikTok Ads,Brand,457.45,759,10132
2025-07-01,Google Ads,Prospecting,240.99,1730,37143
2025-07-01,Meta Ads,Prospecting,136.4,1715,15718
2025-07-01,TikTok Ads,Brand,378.56,260,46598
2025-07-02,Google Ads,Retargeting,88.68,1521,2726
2025-07-02,Meta Ads,Retargeting,483.16,781,4544
2025-07-02,TikTok Ads,Retargeting,70.88,1211,5834
2025-07-03,Google Ads,Prospecting,421.97,1802,11366
2025-07-03,Meta Ads,Brand,90.51,309,6176
2025-07-03,TikTok Ads,Brand,56.99,1185,28295
2025-07-04,Google Ads,Brand,387.4,982,49729
2025-07-04,Meta Ads,Brand,379.09,1450,20628
2025-07-04,TikTok Ads,Prospecting,217.53,710,30096
2025-07-05,Google Ads,Retargeting,353.72,607,8291
2025-07-05,Meta Ads,Brand,48.8,1335,3104
2025-07-05,TikTok Ads,Retargeting,380.54,1050,11508
2025-07-06,Google Ads,Brand,210.27,887,45558
2025-07-06,Meta Ads,Prospecting,285.99,1718,17911
2025-07-06,TikTok Ads,Retargeting,260.9,1472,15897
2025-07-07,Google Ads,Prospecting,467.1,576,7025
2025-07-07,Meta Ads,Retargeting,201.23,1967,9200
2025-07-07,TikTok Ads,Retargeting,121.69,1287,4669
2025-07-08,Google Ads,Brand,208.3,1704,49889
2025-07-08,Meta Ads,Retargeting,310.44,178,46378
2025-07-08,TikTok Ads,Prospecting,249.16,1356,43066
2025-07-09,Google Ads,Prospecting,417.08,357,4582
2025-07-09,Meta Ads,Prospecting,330.39,418,18689
2025-07-09,TikTok Ads,Brand,70.11,762,40530
2025-07-10,Google Ads,Prospecting,33.46,597,11666
2025-07-10,Meta Ads,Retargeting,71.1,453,40132
2025-07-10,TikTok Ads,Brand,383.13,653,13303
2025-07-11,Google Ads,Retargeting,116.83,1923,3121
2025-07-11,Meta Ads,Brand,149.2,1187,38014
2025-07-11,TikTok Ads,Brand,290.59,1638,32706
2025-07-12,Google Ads,Brand,43.06,210,21224
2025-07-12,Meta Ads,Brand,490.66,1559,19507
2025-07-12,TikTok Ads,Prospecting,260.1,664,26601
2025-07-13,Google Ads,Retargeting,190.8,285,47049
2025-07-13,Meta Ads,Retargeting,66.74,854,49591
2025-07-13,TikTok Ads,Retargeting,68.48,1673,10842
2025-07-14,Google Ads,Brand,301.84,802,32257
2025-07-14,Meta Ads,Retargeting,437.03,96,20013
2025-07-14,TikTok Ads,Brand,92.74,968,6161
2025-07-15,Google Ads,Retargeting,64.78,1491,16176
2025-07-15,Meta Ads,Brand,407.59,1359,10231
2025-07-15,TikTok Ads,Retargeting,97.3,1993,33874
2025-07-16,Google Ads,Retargeting,496.29,1266,43689
2025-07-16,Meta Ads,Retargeting,466.51,719,30326
2025-07-16,TikTok Ads,Brand,182.73,757,41859
2025-07-17,Google Ads,Prospecting,39.21,1479,45752
2025-07-17,Meta Ads,Prospecting,134.77,1270,40772
2025-07-17,TikTok Ads,Brand,479.85,1181,42142
2025-07-18,Google Ads,Prospecting,66.75,50,10346
2025-07-18,Meta Ads,Prospecting,282.63,1653,6712
2025-07-18,TikTok Ads,Prospecting,65.17,662,12122
2025-07-19,Google Ads,Prospecting,97.51,593,38782
2025-07-19,Meta Ads,Prospecting,189.62,165,12743
2025-07-19,TikTok Ads,Retargeting,390.53,548,32015
2025-07-20,Google Ads,Prospecting,386.31,925,43617
2025-07-20,Meta Ads,Brand,471.12,1184,32998
2025-07-20,TikTok Ads,Brand,194.47,607,27275
2025-07-21,Google Ads,Prospecting,431.36,1898,45602
2025-07-21,Meta Ads,Brand,231.6,1069,41935
2025-07-21,TikTok Ads,Prospecting,199.37,1417,28079
2025-07-22,Google Ads,Retargeting,236.04,1816,45731
2025-07-22,Meta Ads,Brand,317.89,1338,4739
2025-07-22,TikTok Ads,Retargeting,399.48,1453,37752
2025-07-23,Google Ads,Brand,94.19,235,20048
2025-07-23,Meta Ads,Prospecting,95.94,837,5782
2025-07-23,TikTok Ads,Brand,206.35,966,44853
2025-07-24,Google Ads,Brand,187.49,979,43105
2025-07-24,Meta Ads,Retargeting,452.06,972,8151
2025-07-24,TikTok Ads,Brand,106.53,241,27014
2025-07-25,Google Ads,Prospecting,115.75,693,5225
2025-07-25,Meta Ads,Prospecting,184.36,1257,32869
2025-07-25,TikTok Ads,Brand,357.1,995,8492
2025-07-26,Google Ads,Prospecting,238.2,1136,11206
2025-07-26,Meta Ads,Prospecting,89.85,457,21983
2025-07-26,TikTok Ads,Retargeting,35.04,1251,25922
2025-07-27,Google Ads,Brand,469.5,760,29187
2025-07-27,Meta Ads,Prospecting,122.44,453,2503
2025-07-27,TikTok Ads,Retargeting,223.0,536,42660
2025-07-28,Google Ads,Brand,60.12,161,18950
2025-07-28,Meta Ads,Prospecting,59.22,1809,47675
2025-07-28,TikTok Ads,Prospecting,438.22,1094,15031
2025-07-29,Google Ads,Retargeting,448.68,396,4522
2025-07-29,Meta Ads,Brand,449.58,897,23414
2025-07-29,TikTok Ads,Prospecting,98.98,735,28466
2025-07-30,Google Ads,Prospecting,248.24,1430,11530
2025-07-30,Meta Ads,Retargeting,229.66,1889,46409
2025-07-30,TikTok Ads,Retargeting,206.79,40,37759
2025-07-31,Google Ads,Retargeting,115.31,1500,44775
2025-07-31,Meta Ads,Retargeting,315.93,683,44520
2025-07-31,TikTok Ads,Retargeting,376.56,1528,49046
2025-08-01,Google Ads,Prospecting,26.81,1856,31058
2025-08-01,Meta Ads,Brand,259.73,668,8445
2025-08-01,TikTok Ads,Retargeting,215.07,1086,48335
2025-08-02,Google Ads,Brand,494.35,1951,9239
2025-08-02,Meta Ads,Retargeting,235.68,1204,7386
2025-08-02,TikTok Ads,Brand,124.94,404,28536
2025-08-03,Google Ads,Retargeting,282.12,360,40383
2025-08-03,Meta Ads,Prospecting,123.75,449,13527
2025-08-03,TikTok Ads,Retargeting,296.88,49,25265
2025-08-04,Google Ads,Prospecting,27.77,1856,21117
2025-08-04,Meta Ads,Retargeting,413.14,275,46830
2025-08-04,TikTok Ads,Prospecting,331.48,953,28135
2025-08-05,Google Ads,Prospecting,188.83,1716,36551
2025-08-05,Meta Ads,Prospecting,271.12,1586,23008
2025-08-05,TikTok Ads,Brand,464.65,959,29074
2025-08-06,Google Ads,Prospecting,104.91,1238,11659
2025-08-06,Meta Ads,Retargeting,229.22,603,44227
2025-08-06,TikTok Ads,Retargeting,346.54,1318,19562
2025-08-07,Google Ads,Retargeting,317.78,1914,7502
2025-08-07,Meta Ads,Brand,406.85,232,6874
2025-08-07,TikTok Ads,Retargeting,27.88,1929,27953
2025-08-08,Google Ads,Brand,258.27,1559,41883
2025-08-08,Meta Ads,Retargeting,67.86,929,33988
2025-08-08,TikTok Ads,Retargeting,406.82,1387,19999
2025-08-09,Google Ads,Prospecting,121.7,1611,30794
2025-08-09,Meta Ads,Retargeting,202.92,420,31774
2025-08-09,TikTok Ads,Brand,188.29,1645,31405
2025-08-10,Google Ads,Prospecting,455.84,1340,47126
2025-08-10,Meta Ads,Retargeting,209.99,1944,25552
2025-08-10,TikTok Ads,Brand,263.63,568,44167
2025-08-11,Google Ads,Prospecting,167.55,1868,28178
2025-08-11,Meta Ads,Retargeting,135.95,1863,28168
2025-08-11,TikTok Ads,Brand,27.45,334,25537
2025-08-12,Google Ads,Retargeting,413.62,1248,21805
2025-08-12,Meta Ads,Prospecting,101.8,1191,29181
2025-08-12,TikTok Ads,Brand,286.75,821,13626
2025-08-13,Google Ads,Retargeting,329.33,1716,4380
2025-08-13,Meta Ads,Retargeting,225.97,1943,42698
2025-08-13,TikTok Ads,Prospecting,489.13,375,27418
2025-08-14,Google Ads,Prospecting,268.29,915,16136
2025-08-14,Meta Ads,Brand,360.81,278,34046
2025-08-14,TikTok Ads,Brand,323.09,1626,26690
2025-08-15,Google Ads,Retargeting,460.0,1734,37235
2025-08-15,Meta Ads,Brand,475.38,437,7111
2025-08-15,TikTok Ads,Brand,32.31,43,42215
2025-08-16,Google Ads,Retargeting,93.46,1285,47371
2025-08-16,Meta Ads,Retargeting,461.89,181,38473
2025-08-16,TikTok Ads,Prospecting,32.14,1523,9555
2025-08-17,Google Ads,Prospecting,324.54,1612,24469
2025-08-17,Meta Ads,Brand,135.07,1858,15532
2025-08-17,TikTok Ads,Prospecting,113.04,1741,17072
2025-08-18,Google Ads,Retargeting,394.41,1629,25779
2025-08-18,Meta Ads,Prospecting,336.44,583,6437
2025-08-18,TikTok Ads,Brand,321.17,1327,38968
2025-08-19,Google Ads,Brand,73.25,1918,40052
2025-08-19,Meta Ads,Brand,71.4,598,18170
2025-08-19,TikTok Ads,Brand,64.53,1032,24684
2025-08-20,Google Ads,Brand,207.58,1025,2438
2025-08-20,Meta Ads,Prospecting,55.32,1984,42004
2025-08-20,TikTok Ads,Brand,120.94,879,25592
2025-08-21,Google Ads,Prospecting,324.1,943,11558
2025-08-21,Meta Ads,Brand,163.4,1870,12709
2025-08-21,TikTok Ads,Retargeting,292.3,1262,3061
2025-08-22,Google Ads,Brand,488.44,730,32713
2025-08-22,Meta Ads,Retargeting,308.0,30,11380
2025-08-22,TikTok Ads,Retargeting,376.01,1917,8968
2025-08-23,Google Ads,Brand,310.93,1117,2509
2025-08-23,Meta Ads,Retargeting,265.64,332,15175
2025-08-23,TikTok Ads,Prospecting,75.1,464,2933
2025-08-24,Google Ads,Prospecting,86.51,190,48693
2025-08-24,Meta Ads,Retargeting,471.13,568,18935
2025-08-24,TikTok Ads,Prospecting,115.63,208,23842
2025-08-25,Google Ads,Retargeting,284.72,622,31608
2025-08-25,Meta Ads,Retargeting,408.33,913,34597
2025-08-25,TikTok Ads,Prospecting,462.73,532,12335
2025-08-26,Google Ads,Brand,349.79,1837,48015
2025-08-26,Meta Ads,Prospecting,481.7,230,39249
2025-08-26,TikTok Ads,Retargeting,169.56,1646,14489
2025-08-27,Google Ads,Retargeting,254.16,1828,30239
2025-08-27,Meta Ads,Prospecting,306.24,576,21889
2025-08-27,TikTok Ads,Retargeting,71.63,804,29135
2025-08-28,Google Ads,Brand,292.23,785,42464
2025-08-28,Meta Ads,Brand,235.71,1841,3212
2025-08-28,TikTok Ads,Retargeting,141.47,859,20233
2025-08-29,Google Ads,Retargeting,416.81,1341,35766
2025-08-29,Meta Ads,Prospecting,211.19,254,12790
2025-08-29,TikTok Ads,Prospecting,226.11,400,24445
2025-08-30,Google Ads,Brand,54.87,1365,25357
2025-08-30,Meta Ads,Prospecting,89.62,663,9015
2025-08-30,TikTok Ads,Brand,172.92,42,47976
2025-08-31,Google Ads,Prospecting,122.61,1182,22073
2025-08-31,Meta Ads,Brand,289.59,809,19586
2025-08-31,TikTok Ads,Retargeting,121.84,465,7744
2025-09-01,Google Ads,Retargeting,153.46,1264,44997
2025-09-01,Meta Ads,Brand,295.5,1343,28639
2025-09-01,TikTok Ads,Retargeting,382.98,670,21979
2025-09-02,Google Ads,Brand,114.62,1663,33370
2025-09-02,Meta Ads,Prospecting,42.46,582,28606
2025-09-02,TikTok Ads,Brand,79.56,370,40415
2025-09-03,Google Ads,Prospecting,303.76,504,38775
2025-09-03,Meta Ads,Brand,156.82,1338,38732
2025-09-03,TikTok Ads,Brand,457.59,602,9589
2025-09-04,Google Ads,Prospecting,37.76,1112,35571
2025-09-04,Meta Ads,Brand,181.95,53,5551
2025-09-04,TikTok Ads,Prospecting,65.66,1663,28202
2025-09-05,Google Ads,Retargeting,164.48,669,23663
2025-09-05,Meta Ads,Prospecting,58.29,1606,21524
2025-09-05,TikTok Ads,Prospecting,313.91,825,20558
2025-09-06,Google Ads,Retargeting,492.3,1030,43014
2025-09-06,Meta Ads,Brand,424.68,1940,41499
2025-09-06,TikTok Ads,Brand,34.06,117,1681
2025-09-07,Google Ads,Brand,70.47,681,46062
2025-09-07,Meta Ads,Retargeting,229.13,368,6768
2025-09-07,TikTok Ads,Brand,367.57,1683,25174
2025-09-08,Google Ads,Retargeting,494.99,1933,46104
2025-09-08,Meta Ads,Brand,144.65,1627,3823
2025-09-08,TikTok Ads,Brand,43.04,643,5917
2025-09-09,Google Ads,Prospecting,178.08,1274,25874
2025-09-09,Meta Ads,Prospecting,355.36,1914,10028
2025-09-09,TikTok Ads,Retargeting,241.13,278,21927
2025-09-10,Google Ads,Brand,381.46,1838,28085
2025-09-10,Meta Ads,Retargeting,234.45,270,35194
2025-09-10,TikTok Ads,Retargeting,135.45,998,44336
2025-09-11,Google Ads,Prospecting,488.65,679,48897
2025-09-11,Meta Ads,Prospecting,128.4,560,20414
2025-09-11,TikTok Ads,Retargeting,59.74,1163,16884
2025-09-12,Google Ads,Retargeting,330.62,1772,14493
2025-09-12,Meta Ads,Retargeting,57.45,1032,4949
2025-09-12,TikTok Ads,Brand,26.3,462,31680
2025-09-13,Google Ads,Prospecting,110.2,234,23311
2025-09-13,Meta Ads,Brand,410.72,1579,35579
2025-09-13,TikTok Ads,Retargeting,432.06,1577,21435
2025-09-14,Google Ads,Retargeting,237.93,335,34063
2025-09-14,Meta Ads,Brand,458.78,468,24831
2025-09-14,TikTok Ads,Prospecting,488.03,1797,41663
2025-09-15,Google Ads,Retargeting,117.45,839,13317
2025-09-15,Meta Ads,Brand,153.36,356,45975
2025-09-15,TikTok Ads,Prospecting,476.72,1202,43492
2025-09-16,Google Ads,Brand,90.7,1814,8023
2025-09-16,Meta Ads,Retargeting,72.9,53,31202
2025-09-16,TikTok Ads,Brand,148.04,995,44377
2025-09-17,Google Ads,Retargeting,237.27,563,8754
2025-09-17,Meta Ads,Retargeting,60.35,903,14897
2025-09-17,TikTok Ads,Brand,210.53,902,34287
2025-09-18,Google Ads,Prospecting,45.52,578,25233
2025-09-18,Meta Ads,Brand,43.58,803,48972
2025-09-18,TikTok Ads,Prospecting,113.09,407,27390
2025-09-19,Google Ads,Brand,305.14,1104,40809
2025-09-19,Meta Ads,Prospecting,268.94,243,45640
2025-09-19,TikTok Ads,Brand,330.25,1983,8279
2025-09-20,Google Ads,Brand,75.29,1853,3338
2025-09-20,Meta Ads,Retargeting,147.77,154,35873
2025-09-20,TikTok Ads,Brand,152.22,1827,41646
2025-09-21,Google Ads,Retargeting,363.6,822,26748
2025-09-21,Meta Ads,Brand,125.55,1707,46330
2025-09-21,TikTok Ads,Prospecting,257.68,370,14341
2025-09-22,Google Ads,Prospecting,325.71,1465,40079
2025-09-22,Meta Ads,Prospecting,372.26,213,13129
2025-09-22,TikTok Ads,Retargeting,455.74,1294,32244
2025-09-23,Google Ads,Retargeting,166.56,1876,46084
2025-09-23,Meta Ads,Brand,101.71,1415,5551
2025-09-23,TikTok Ads,Brand,109.93,1862,30833
2025-09-24,Google Ads,Brand,481.88,1384,32103
2025-09-24,Meta Ads,Prospecting,180.35,383,18290
2025-09-24,TikTok Ads,Brand,101.95,1577,1637
2025-09-25,Google Ads,Retargeting,189.03,990,39217
2025-09-25,Meta Ads,Brand,254.39,526,31970
2025-09-25,TikTok Ads,Brand,41.68,55,38176
2025-09-26,Google Ads,Retargeting,495.4,1730,15961
2025-09-26,Meta Ads,Retargeting,261.51,1566,10606
2025-09-26,TikTok Ads,Brand,68.0,1666,49246
2025-09-27,Google Ads,Prospecting,237.26,1524,23988
2025-09-27,Meta Ads,Retargeting,143.52,1016,17615
2025-09-27,TikTok Ads,Prospecting,240.2,1715,24109
2025-09-28,Google Ads,Prospecting,360.88,1845,34936
2025-09-28,Meta Ads,Retargeting,431.34,1867,40042
2025-09-28,TikTok Ads,Prospecting,74.13,1424,35033
2025-09-29,Google Ads,Retargeting,327.1,322,27890
2025-09-29,Meta Ads,Brand,336.5,310,24409
2025-09-29,TikTok Ads,Prospecting,34.83,1202,49562
2025-09-30,Google Ads,Retargeting,487.18,756,14520
2025-09-30,Meta Ads,Retargeting,62.85,1905,25758
2025-09-30,TikTok Ads,Retargeting,71.81,580,42083
2025-10-01,Google Ads,Retargeting,281.56,1888,30443
2025-10-01,Meta Ads,Retargeting,103.98,1884,45503
2025-10-01,TikTok Ads,Prospecting,446.24,820,39610
2025-10-02,Google Ads,Prospecting,473.73,585,21271
2025-10-02,Meta Ads,Brand,39.73,1085,46995
2025-10-02,TikTok Ads,Prospecting,420.4,271,29407
2025-10-03,Google Ads,Prospecting,292.0,1643,23740
2025-10-03,Meta Ads,Prospecting,72.89,37,33697
2025-10-03,TikTok Ads,Retargeting,90.62,1414,10845
2025-10-04,Google Ads,Retargeting,484.0,1297,37578
2025-10-04,Meta Ads,Retargeting,98.05,1017,19891
2025-10-04,TikTok Ads,Brand,403.9,51,30744
2025-10-05,Google Ads,Brand,124.32,1710,39867
2025-10-05,Meta Ads,Brand,45.53,646,1333
2025-10-05,TikTok Ads,Prospecting,189.08,1728,1042
2025-10-06,Google Ads,Brand,140.69,737,19564
2025-10-06,Meta Ads,Retargeting,339.36,1594,37749
2025-10-06,TikTok Ads,Brand,477.77,1480,18738
2025-10-07,Google Ads,Brand,498.04,422,29314
2025-10-07,Meta Ads,Retargeting,460.76,615,15343
2025-10-07,TikTok Ads,Brand,247.13,746,17300
2025-10-08,Google Ads,Retargeting,325.78,885,27156
2025-10-08,Meta Ads,Brand,448.66,1904,20793
2025-10-08,TikTok Ads,Retargeting,169.15,1174,29561
2025-10-09,Google Ads,Retargeting,440.45,1667,38890
2025-10-09,Meta Ads,Brand,347.99,428,17385
2025-10-09,TikTok Ads,Brand,219.83,428,20730
2025-10-10,Google Ads,Prospecting,61.09,1180,42177
2025-10-10,Meta Ads,Prospecting,282.0,789,29632
2025-10-10,TikTok Ads,Brand,86.53,925,46490
2025-10-11,Google Ads,Prospecting,261.83,1423,47700
2025-10-11,Meta Ads,Prospecting,244.82,895,31575
2025-10-11,TikTok Ads,Prospecting,481.49,964,2813
2025-10-12,Google Ads,Retargeting,32.68,1590,28585
2025-10-12,Meta Ads,Brand,382.81,1279,20817
2025-10-12,TikTok Ads,Brand,298.55,784,9341
2025-10-13,Google Ads,Retargeting,280.77,1178,20224
2025-10-13,Meta Ads,Brand,382.56,824,9253
2025-10-13,TikTok Ads,Prospecting,341.64,967,34948
2025-10-14,Google Ads,Prospecting,422.82,193,4584
2025-10-14,Meta Ads,Prospecting,418.35,1350,8015
2025-10-14,TikTok Ads,Prospecting,305.28,1703,20043
2025-10-15,Google Ads,Retargeting,251.1,698,4988
2025-10-15,Meta Ads,Brand,375.43,1401,34477
2025-10-15,TikTok Ads,Retargeting,364.14,1456,14439
2025-10-16,Google Ads,Retargeting,89.19,1536,33460
2025-10-16,Meta Ads,Brand,127.3,1403,42921
2025-10-16,TikTok Ads,Brand,164.43,656,48129
2025-10-17,Google Ads,Brand,406.7,1297,46074
2025-10-17,Meta Ads,Brand,75.06,20,11028
2025-10-17,TikTok Ads,Retargeting,442.35,1084,7348
2025-10-18,Google Ads,Brand,118.06,990,2615
2025-10-18,Meta Ads,Retargeting,233.03,133,8983
2025-10-18,TikTok Ads,Prospecting,214.19,396,16396
2025-10-19,Google Ads,Retargeting,144.93,1274,45651
2025-10-19,Meta Ads,Prospecting,432.47,1283,9073
2025-10-19,TikTok Ads,Prospecting,90.2,64,13111
2025-10-20,Google Ads,Brand,412.9,1366,16773
2025-10-20,Meta Ads,Brand,265.53,1452,36827
2025-10-20,TikTok Ads,Brand,248.56,613,19969
2025-10-21,Google Ads,Retargeting,68.01,1225,33306
2025-10-21,Meta Ads,Prospecting,340.5,821,26285
2025-10-21,TikTok Ads,Retargeting,403.93,970,28321
2025-10-22,Google Ads,Prospecting,91.12,600,30955
2025-10-22,Meta Ads,Brand,290.82,42,39046
2025-10-22,TikTok Ads,Prospecting,36.36,1352,44069
2025-10-23,Google Ads,Retargeting,233.35,1879,24247
2025-10-23,Meta Ads,Brand,244.6,1500,31038
2025-10-23,TikTok Ads,Prospecting,24.38,344,24445
2025-10-24,Google Ads,Retargeting,430.8,1050,14813
2025-10-24,Meta Ads,Prospecting,453.22,1095,26599
2025-10-24,TikTok Ads,Retargeting,50.13,1363,10922
2025-10-25,Google Ads,Prospecting,334.85,1173,23235
2025-10-25,Meta Ads,Prospecting,363.29,1631,10177
2025-10-25,TikTok Ads,Prospecting,396.78,1368,20852
2025-10-26,Google Ads,Prospecting,52.74,1738,43279
2025-10-26,Meta Ads,Prospecting,200.73,986,40704
2025-10-26,TikTok Ads,Retargeting,106.58,1471,34225
2025-10-27,Google Ads,Retargeting,272.21,285,46728
2025-10-27,Meta Ads,Prospecting,302.65,1209,23812
2025-10-27,TikTok Ads,Retargeting,316.39,846,5428
2025-10-28,Google Ads,Brand,34.17,1520,11431
2025-10-28,Meta Ads,Brand,66.34,237,33730
2025-10-28,TikTok Ads,Retargeting,248.68,1576,16173
2025-10-29,Google Ads,Retargeting,401.89,235,12403
2025-10-29,Meta Ads,Retargeting,448.39,1567,28528
2025-10-29,TikTok Ads,Brand,49.72,532,8502
2025-10-30,Google Ads,Brand,426.46,169,29936
2025-10-30,Meta Ads,Prospecting,311.14,1741,2930
2025-10-30,TikTok Ads,Brand,174.16,1450,30459
2025-10-31,Google Ads,Prospecting,83.94,1325,38603
2025-10-31,Meta Ads,Retargeting,115.87,537,33184
2025-10-31,TikTok Ads,Prospecting,345.85,481,14185
2025-11-01,Google Ads,Retargeting,97.8,1686,35637
2025-11-01,Meta Ads,Brand,61.29,69,42229
2025-11-01,TikTok Ads,Retargeting,66.18,88,10211
2025-11-02,Google Ads,Brand,192.59,855,38243
2025-11-02,Meta Ads,Retargeting,434.96,717,13144
2025-11-02,TikTok Ads,Retargeting,370.39,1885,48728
2025-11-03,Google Ads,Retargeting,273.51,409,14597
2025-11-03,Meta Ads,Retargeting,417.24,1045,24075
2025-11-03,TikTok Ads,Prospecting,316.87,1164,10035
2025-11-04,Google Ads,Brand,230.66,1300,25649
2025-11-04,Meta Ads,Brand,293.19,280,34898
2025-11-04,TikTok Ads,Prospecting,68.44,1041,16110
2025-11-05,Google Ads,Brand,308.72,697,2477
2025-11-05,Meta Ads,Brand,414.24,613,17474
2025-11-05,TikTok Ads,Prospecting,357.57,159,11345
2025-11-06,Google Ads,Prospecting,55.89,1198,16820
2025-11-06,Meta Ads,Retargeting,467.27,1044,21462
2025-11-06,TikTok Ads,Prospecting,316.95,1138,46712
2025-11-07,Google Ads,Brand,299.73,1938,18239
2025-11-07,Meta Ads,Retargeting,34.39,712,28617
2025-11-07,TikTok Ads,Prospecting,116.25,1838,4892
2025-11-08,Google Ads,Brand,118.03,1692,49095
2025-11-08,Meta Ads,Prospecting,463.6,1378,5084
2025-11-08,TikTok Ads,Brand,256.91,1669,37952
2025-11-09,Google Ads,Retargeting,357.48,1587,3317
2025-11-09,Meta Ads,Prospecting,490.91,1965,28278
2025-11-09,TikTok Ads,Retargeting,374.86,1923,6281
2025-11-10,Google Ads,Retargeting,249.81,285,18728
2025-11-10,Meta Ads,Retargeting,40.04,92,33544
2025-11-10,TikTok Ads,Retargeting,128.12,737,29279
2025-11-11,Google Ads,Prospecting,165.64,1760,15926
2025-11-11,Meta Ads,Brand,467.0,73,13856
2025-11-11,TikTok Ads,Retargeting,311.91,796,45691
2025-11-12,Google Ads,Retargeting,374.2,1151,32599
2025-11-12,Meta Ads,Brand,205.82,792,46576
2025-11-12,TikTok Ads,Brand,226.26,894,37014
2025-11-13,Google Ads,Brand,75.48,261,41347
2025-11-13,Meta Ads,Prospecting,188.86,722,29608
2025-11-13,TikTok Ads,Brand,134.32,208,39575
2025-11-14,Google Ads,Brand,129.02,1550,36141
2025-11-14,Meta Ads,Retargeting,41.97,1662,1976
2025-11-14,TikTok Ads,Retargeting,139.96,136,6020
2025-11-15,Google Ads,Brand,80.82,389,19520
2025-11-15,Meta Ads,Brand,170.78,1253,43939
2025-11-15,TikTok Ads,Brand,499.08,285,40722
2025-11-16,Google Ads,Prospecting,249.78,270,44030
2025-11-16,Meta Ads,Brand,56.66,1941,36628
2025-11-16,TikTok Ads,Brand,257.57,1525,24393
2025-11-17,Google Ads,Brand,232.9,639,25047
2025-11-17,Meta Ads,Retargeting,160.49,1358,17004
2025-11-17,TikTok Ads,Retargeting,448.63,673,46729
2025-11-18,Google Ads,Retargeting,261.65,130,23717
2025-11-18,Meta Ads,Prospecting,358.64,1293,32864
2025-11-18,TikTok Ads,Prospecting,57.65,1887,9987
2025-11-19,Google Ads,Retargeting,130.66,1539,37239
2025-11-19,Meta Ads,Brand,78.92,1504,10303
2025-11-19,TikTok Ads,Brand,489.4,1450,29854
2025-11-20,Google Ads,Retargeting,386.81,1971,8486
2025-11-20,Meta Ads,Brand,259.48,89,18714
2025-11-20,TikTok Ads,Prospecting,302.36,635,6537
2025-11-21,Google Ads,Brand,153.96,1268,26161
2025-11-21,Meta Ads,Prospecting,29.05,803,26209
2025-11-21,TikTok Ads,Prospecting,41.32,441,25859
2025-11-22,Google Ads,Brand,336.76,1110,4424
2025-11-22,Meta Ads,Retargeting,166.47,1129,23793
2025-11-22,TikTok Ads,Brand,456.83,1565,23034
2025-11-23,Google Ads,Prospecting,408.92,1230,15191
2025-11-23,Meta Ads,Brand,183.65,1718,41732
2025-11-23,TikTok Ads,Prospecting,435.56,1622,48790
2025-11-24,Google Ads,Retargeting,381.15,1673,8157
2025-11-24,Meta Ads,Retargeting,206.29,1497,45431
2025-11-24,TikTok Ads,Prospecting,432.09,1940,36046
2025-11-25,Google Ads,Prospecting,223.44,1492,38244
2025-11-25,Meta Ads,Retargeting,144.85,1986,25988
2025-11-25,TikTok Ads,Prospecting,377.9,1913,16612
2025-11-26,Google Ads,Brand,455.7,594,45734
2025-11-26,Meta Ads,Prospecting,61.06,531,36573
2025-11-26,TikTok Ads,Prospecting,182.02,828,3530
2025-11-27,Google Ads,Retargeting,151.65,570,44203
2025-11-27,Meta Ads,Prospecting,395.56,1679,40845
2025-11-27,TikTok Ads,Brand,79.67,1184,44304
2025-11-28,Google Ads,Prospecting,421.28,1755,12716
2025-11-28,Meta Ads,Prospecting,242.11,920,1581
2025-11-28,TikTok Ads,Prospecting,37.76,754,32470
2025-11-29,Google Ads,Retargeting,425.28,466,27778
2025-11-29,Meta Ads,Brand,298.19,182,19117
2025-11-29,TikTok Ads,Retargeting,284.69,1972,5197
2025-11-30,Google Ads,Prospecting,106.31,1588,19097
2025-11-30,Meta Ads,Prospecting,437.15,280,15904
2025-11-30,TikTok Ads,Retargeting,103.76,1804,41497
2025-12-01,Google Ads,Retargeting,43.8,254,43899
2025-12-01,Meta Ads,Brand,108.44,1057,29856
2025-12-01,TikTok Ads,Retargeting,172.32,1153,48012
2025-12-02,Google Ads,Brand,49.19,1483,17977
2025-12-02,Meta Ads,Prospecting,27.74,1750,24156
2025-12-02,TikTok Ads,Retargeting,364.79,1249,16381
2025-12-03,Google Ads,Prospecting,72.4,1058,30085
2025-12-03,Meta Ads,Brand,265.3,505,14372
2025-12-03,TikTok Ads,Prospecting,293.78,1718,45631
2025-12-04,Google Ads,Prospecting,54.27,893,19552
2025-12-04,Meta Ads,Brand,31.85,1263,24611
2025-12-04,TikTok Ads,Prospecting,488.05,1857,43728
2025-12-05,Google Ads,Prospecting,245.93,622,41757
2025-12-05,Meta Ads,Brand,96.95,111,20062
2025-12-05,TikTok Ads,Brand,457.7,72,7962
2025-12-06,Google Ads,Retargeting,121.51,661,34475
2025-12-06,Meta Ads,Retargeting,394.82,1060,39108
2025-12-06,TikTok Ads,Retargeting,185.15,460,25827
2025-12-07,Google Ads,Retargeting,35.65,1507,10835
2025-12-07,Meta Ads,Prospecting,386.05,1349,6140
2025-12-07,TikTok Ads,Brand,480.14,479,38054
2025-12-08,Google Ads,Retargeting,498.95,1310,36928
2025-12-08,Meta Ads,Retargeting,220.68,1521,8945
2025-12-08,TikTok Ads,Retargeting,403.14,1263,31954
2025-12-09,Google Ads,Retargeting,271.74,923,21770
2025-12-09,Meta Ads,Prospecting,113.61,1198,20206
2025-12-09,TikTok Ads,Brand,177.77,1656,24721
2025-12-10,Google Ads,Brand,238.79,1552,8563
2025-12-10,Meta Ads,Retargeting,135.7,1520,27864
2025-12-10,TikTok Ads,Prospecting,58.25,1167,34137
2025-12-11,Google Ads,Brand,459.03,1358,32729
2025-12-11,Meta Ads,Retargeting,130.57,1630,28449
2025-12-11,TikTok Ads,Brand,293.28,1713,9210
2025-12-12,Google Ads,Retargeting,137.57,1882,27713
2025-12-12,Meta Ads,Retargeting,300.68,302,40685
2025-12-12,TikTok Ads,Prospecting,402.01,719,21568
2025-12-13,Google Ads,Brand,59.12,882,34097
2025-12-13,Meta Ads,Brand,296.49,1315,13982
2025-12-13,TikTok Ads,Brand,440.67,51,11929
2025-12-14,Google Ads,Brand,220.94,1587,37344
2025-12-14,Meta Ads,Retargeting,466.46,1541,7618
2025-12-14,TikTok Ads,Brand,437.34,1727,29273
2025-12-15,Google Ads,Brand,351.22,169,9675
2025-12-15,Meta Ads,Retargeting,436.1,1901,26435
2025-12-15,TikTok Ads,Prospecting,190.1,843,46673
2025-12-16,Google Ads,Retargeting,135.89,620,8800
2025-12-16,Meta Ads,Prospecting,450.76,1859,23062
2025-12-16,TikTok Ads,Retargeting,312.2,240,48328
2025-12-17,Google Ads,Brand,55.4,1905,24262
2025-12-17,Meta Ads,Prospecting,457.12,1311,30475
2025-12-17,TikTok Ads,Retargeting,420.71,612,32267
2025-12-18,Google Ads,Retargeting,84.61,395,48428
2025-12-18,Meta Ads,Retargeting,459.84,1938,34382
2025-12-18,TikTok Ads,Brand,93.08,35,39899
2025-12-19,Google Ads,Retargeting,197.54,1349,30722
2025-12-19,Meta Ads,Prospecting,173.81,381,34336
2025-12-19,TikTok Ads,Retargeting,302.28,1954,7350
2025-12-20,Google Ads,Brand,162.73,718,4164
2025-12-20,Meta Ads,Retargeting,268.49,1095,38999
2025-12-20,TikTok Ads,Retargeting,425.15,893,19694
2025-12-21,Google Ads,Prospecting,204.35,1570,12692
2025-12-21,Meta Ads,Brand,40.13,1955,49144
2025-12-21,TikTok Ads,Retargeting,121.13,1083,19235
2025-12-22,Google Ads,Retargeting,442.2,663,7518
2025-12-22,Meta Ads,Prospecting,156.7,262,19864
2025-12-22,TikTok Ads,Prospecting,253.59,478,12096
2025-12-23,Google Ads,Prospecting,470.82,551,40725
2025-12-23,Meta Ads,Brand,463.77,1384,19260
2025-12-23,TikTok Ads,Brand,66.07,1150,34338
2025-12-24,Google Ads,Brand,33.13,1868,3604
2025-12-24,Meta Ads,Retargeting,278.2,419,1436
2025-12-24,TikTok Ads,Prospecting,419.6,72,25218
2025-12-25,Google Ads,Brand,155.28,1961,38431
2025-12-25,Meta Ads,Prospecting,371.4,1086,9269
2025-12-25,TikTok Ads,Prospecting,161.57,244,47940
2025-12-26,Google Ads,Retargeting,461.21,265,30124
2025-12-26,Meta Ads,Prospecting,256.76,197,9966
2025-12-26,TikTok Ads,Prospecting,371.18,258,24181
2025-12-27,Google Ads,Brand,377.25,475,48668
2025-12-27,Meta Ads,Brand,177.02,1058,22976
2025-12-27,TikTok Ads,Prospecting,237.66,1526,34609
2025-12-28,Google Ads,Retargeting,392.98,1467,46084
2025-12-28,Meta Ads,Prospecting,448.29,98,29401
2025-12-28,TikTok Ads,Brand,467.54,1646,35163
2025-12-29,Google Ads,Prospecting,111.39,1163,44327
2025-12-29,Meta Ads,Retargeting,37.11,1319,42109
2025-12-29,TikTok Ads,Brand,138.04,1220,25655
2025-12-30,Google Ads,Brand,343.21,563,31809
2025-12-30,Meta Ads,Brand,252.56,403,49074
2025-12-30,TikTok Ads,Prospecting,155.65,426,42600
2025-12-31,Google Ads,Brand,476.4,1775,48401
2025-12-31,Meta Ads,Retargeting,122.81,909,5408
2025-12-31,TikTok Ads,Prospecting,287.71,447,47529
