customer_id,first_name,last_name,email,country,signup_date
1,Ruth,Griffiths,duncan32@example.net,Germany,2024-04-24
2,Timothy,Davies,wrightryan@example.org,UK,2024-10-08
3,Colin,Lloyd,moorefrancesca@example.net,UK,2024-08-16
4,Janice,Burton,zwright@example.org,UK,2024-04-14
5,Sam,Harrison,ricky23@example.com,Germany,2025-07-12
6,Timothy,Green,evansleigh@example.net,UK,2025-08-27
7,Arthur,Gough,ywilkinson@example.org,Ireland,2024-02-02
8,Lynn,Harris,melissa31@example.org,UK,2024-04-05
9,Irene,Wilson,jason31@example.com,UK,2024-08-26
10,Ricky,Price,ben55@example.org,France,2025-09-08
11,Vanessa,Phillips,johnronald@example.net,UK,2025-07-28
12,Duncan,Humphries,odixon@example.net,UK,2025-10-27
13,Nicole,Lloyd,william30@example.com,Germany,2025-07-12
14,Joanne,Phillips,kirstyhawkins@example.com,Ireland,2024-08-13
15,Phillip,Lynch,pyoung@example.com,Ireland,2025-08-26
16,Gareth,Pritchard,chelseapowell@example.net,UK,2024-01-07
17,Fiona,Rowe,ievans@example.net,UK,2025-12-15
18,Valerie,Green,taylorcarl@example.net,Ireland,2024-12-14
19,Sam,James,yanderson@example.com,UK,2024-06-08
20,Jodie,Turner,andrea01@example.net,UK,2024-12-10
21,Paula,Myers,nathan46@example.org,UK,2024-04-04
22,Sandra,Harper,donna28@example.org,Ireland,2024-04-09
23,Kayleigh,Burns,carlpatel@example.org,UK,2024-12-18
24,Sheila,Watson,andersonwendy@example.org,France,2024-09-27
25,Nathan,Murray,shane03@example.net,UK,2025-04-15
26,Jason,Cunningham,wsharp@example.net,France,2024-05-07
27,Malcolm,Clarke,kmay@example.com,Ireland,2024-03-21
28,Debra,Carr,iarnold@example.net,France,2024-10-27
29,Hollie,Lawson,tracey57@example.net,Germany,2025-09-25
30,Alison,O'Neill,philiphaynes@example.net,UK,2025-08-14
31,Andrea,Wilson,thomashammond@example.net,UK,2025-12-22
32,Darren,Wilson,taylorsteven@example.net,UK,2024-02-16
33,Frank,White,istevens@example.net,Germany,2024-08-21
34,Alexandra,Allen,elainemann@example.org,UK,2024-03-22
35,Neil,Glover,anixon@example.com,UK,2024-04-13
36,Alexander,Davies,longdeclan@example.org,Ireland,2024-10-11
37,Frederick,Bates,ldavidson@example.com,Ireland,2025-10-12
38,Bethany,Smith,williamsgeorgina@example.org,UK,2024-06-15
39,Adam,Riley,morganfrank@example.org,UK,2024-12-29
40,Jane,Jones,joannepoole@example.org,UK,2025-11-17
41,Jessica,Metcalfe,ypritchard@example.com,UK,2025-12-19
42,Mitchell,Davison,snash@example.org,Germany,2025-10-25
43,Kevin,Jackson,morriskevin@example.org,UK,2025-09-15
44,Fiona,Jones,kevinhunt@example.org,Germany,2024-06-24
45,Christian,Rees,daviesdamian@example.com,France,2024-09-07
46,Trevor,Howarth,rosemarywright@example.net,UK,2025-04-18
47,Jonathan,Burton,elliot35@example.org,Ireland,2024-10-03
48,Arthur,Byrne,clare51@example.org,Germany,2025-12-05
49,Clare,Johnson,fordallan@example.net,France,2024-08-12
50,Arthur,Daniels,brian35@example.com,Germany,2024-11-28
51,Charles,Williams,molly80@example.net,UK,2024-08-22
52,Andrea,Burns,singhaaron@example.com,UK,2024-11-19
53,Connor,Ball,abdulbird@example.org,Ireland,2024-10-01
54,Glenn,Martin,leanne74@example.org,UK,2024-08-04
55,Colin,Thomson,samuel05@example.org,France,2024-11-18
56,Kim,Robinson,angelafisher@example.com,UK,2025-11-02
57,Chelsea,Potts,hardinghollie@example.org,Ireland,2025-02-09
58,Janice,Fowler,carole82@example.com,Germany,2025-04-14
59,Scott,Thomas,simon53@example.net,UK,2024-09-28
60,Frederick,King,yvonne69@example.net,UK,2024-09-09
61,Dean,Bennett,bensimpson@example.org,Germany,2025-07-28
62,Amy,Jennings,victoria34@example.org,France,2024-09-26
63,Rita,Griffiths,taylorross@example.org,Germany,2025-08-21
64,Kelly,Stone,francisbrown@example.org,Ireland,2025-08-20
65,Tracey,Mills,morganricky@example.com,Ireland,2025-01-05
66,Jemma,Bond,matthew14@example.org,UK,2024-05-21
67,Kimberley,Hunt,ian19@example.com,France,2025-05-20
68,Leigh,Briggs,amanda98@example.org,UK,2024-02-18
69,Emma,Sutton,conorthomas@example.com,UK,2024-06-05
70,David,Reynolds,juliewilliams@example.net,Germany,2024-06-12
71,Mohamed,Johnson,petersclifford@example.net,Germany,2025-03-08
72,Dylan,King,sophie48@example.org,France,2024-03-06
73,Alex,Burton,ldavies@example.net,Ireland,2025-01-25
74,Shirley,Hodgson,rogersrhys@example.com,France,2025-04-24
75,Rosemary,Jenkins,natalie77@example.net,France,2024-09-14
76,Allan,Lewis,katycunningham@example.net,France,2024-01-12
77,Cheryl,Parkinson,colin34@example.org,Germany,2024-04-27
78,Joe,Kennedy,smithalice@example.net,Germany,2025-07-03
79,Liam,Murphy,bethancooper@example.com,UK,2025-10-18
80,Norman,Kennedy,lawrencekenneth@example.com,UK,2024-04-24
81,Gerald,Jarvis,pparker@example.org,UK,2025-03-21
82,Caroline,Browne,jking@example.net,UK,2025-04-09
83,Elliott,Giles,uosborne@example.net,UK,2024-09-26
84,Rachel,Burke,vbartlett@example.com,France,2024-07-01
85,Barbara,Smith,kimwhite@example.net,France,2024-04-18
86,Danielle,Johnson,chloe14@example.org,Germany,2024-11-01
87,Abdul,Goodwin,khandale@example.com,Germany,2025-06-03
88,Annette,Gould,philipallan@example.com,France,2024-07-22
89,Joanna,Hall,martinemily@example.com,UK,2025-01-17
90,Fiona,Harding,baxterbeverley@example.com,UK,2025-07-06
91,Lesley,Bailey,joel66@example.net,France,2024-01-01
92,Janice,Roberts,hollylloyd@example.com,France,2024-11-27
93,Danielle,Day,aimee62@example.com,Ireland,2024-01-20
94,Scott,Robinson,walkerjenna@example.net,UK,2025-01-06
95,Cheryl,Payne,dkirk@example.org,UK,2024-09-02
96,Adam,Smith,phillip75@example.com,UK,2024-09-03
97,Jessica,White,fsmith@example.com,France,2024-03-21
98,Jack,Morris,watkinsbruce@example.org,UK,2025-05-12
99,Francesca,Rees,mitchelllouis@example.org,UK,2025-06-29
100,Michael,Johnson,malcolmjones@example.org,UK,2024-05-11
101,Lynne,May,xharrison@example.com,Germany,2025-05-01
102,Mohammed,Butler,hobbsben@example.com,France,2024-06-18
103,Raymond,Whitehead,beverley66@example.net,UK,2025-06-24
104,Joe,Wallis,timothyharrison@example.com,France,2025-03-09
105,Lydia,Foster,colesanna@example.org,UK,2025-07-06
106,Denis,Kent,brian85@example.org,Germany,2025-12-07
107,Emily,Fuller,williamslinda@example.net,UK,2025-12-31
108,Kelly,Goddard,hnoble@example.net,UK,2025-02-12
109,Mathew,Richards,uhall@example.net,Germany,2025-10-27
110,Max,Stanley,nicholaswhite@example.com,UK,2025-03-24
111,Norman,Banks,fholt@example.com,France,2025-04-07
112,Justin,Jones,garry54@example.net,UK,2024-09-10
113,Rita,Shaw,lewiskarl@example.org,UK,2024-03-06
114,Cameron,Atkinson,pduffy@example.net,UK,2024-01-22
115,Alice,Berry,bparkin@example.org,France,2025-07-21
116,Billy,Morton,stewartadams@example.com,UK,2025-08-25
117,Elaine,Fisher,diane85@example.com,UK,2024-01-08
118,Rita,Price,tony31@example.net,UK,2025-12-25
119,Alex,Saunders,alexstevens@example.com,Germany,2024-03-01
120,Martyn,Wood,oliver34@example.org,UK,2024-03-10
121,Rebecca,Gardner,waltersmalcolm@example.com,UK,2024-12-04
122,Jordan,Simpson,amelia27@example.org,UK,2025-06-10
123,James,Allen,vjones@example.org,UK,2024-10-12
124,Lee,Smith,eclark@example.com,Germany,2025-05-12
125,Abigail,Ford,hayeslynne@example.com,UK,2025-07-06
126,Graham,Turner,bevanhelen@example.net,UK,2025-08-07
127,Jodie,James,zoepalmer@example.com,France,2025-04-29
128,Joel,Taylor,nrogers@example.org,UK,2025-04-29
129,Kathryn,Hunt,maygavin@example.net,Ireland,2024-07-13
130,Phillip,Pritchard,fraserkyle@example.net,UK,2024-04-09
131,Keith,Pope,mprice@example.com,Germany,2025-03-17
132,Iain,Higgins,diana47@example.org,UK,2025-03-09
133,Joyce,Barnes,kayleigh93@example.com,Ireland,2025-04-23
134,Geoffrey,Dunn,vincentmason@example.org,Germany,2024-02-25
135,Darren,Thompson,marilyn94@example.com,Germany,2025-10-31
136,Harry,Jones,beth64@example.net,Germany,2024-04-10
137,Sheila,Hughes,andersonann@example.net,UK,2025-02-16
138,Brandon,Butler,greenfrances@example.net,Germany,2024-12-13
139,Kate,Watson,melissa02@example.com,UK,2024-09-11
140,Maureen,Riley,jeremy96@example.net,UK,2024-07-13
141,Abigail,Morgan,vgodfrey@example.com,France,2025-04-04
142,Vanessa,Webb,hughali@example.com,UK,2025-03-08
143,Gerard,Adams,jbradley@example.org,UK,2024-10-12
144,Sandra,Nicholson,brandon16@example.net,Ireland,2024-09-12
145,David,Moss,mali@example.net,UK,2025-03-29
146,Linda,Johnson,wjohnson@example.org,France,2024-04-10
147,Dennis,Phillips,gerardwilliams@example.net,UK,2025-10-29
148,Danielle,O'Neill,carolynsteele@example.net,France,2024-01-16
149,Stephen,Fisher,wilsongeoffrey@example.com,UK,2024-08-30
150,Terence,Miah,dawnbegum@example.com,UK,2025-02-20
151,Natasha,Cole,elee@example.org,Ireland,2025-05-07
152,Caroline,Fisher,mbates@example.net,UK,2025-02-14
153,Barry,Taylor,elizabeth58@example.com,UK,2024-06-17
154,Paul,Bird,kate97@example.org,Ireland,2024-01-03
155,Katie,Powell,brett88@example.com,Ireland,2024-09-28
156,Caroline,Begum,ameliasmith@example.com,Ireland,2024-10-19
157,Donald,Davis,vthomas@example.com,Ireland,2025-12-14
158,Diana,Johnston,qcooper@example.net,Germany,2025-07-23
159,Derek,Hughes,clarkemarie@example.com,Germany,2025-05-13
160,Oliver,Cameron,dspencer@example.org,UK,2024-07-13
161,Gareth,Bolton,keithjones@example.com,UK,2024-08-10
162,Declan,Johnson,vbrooks@example.net,UK,2025-08-16
163,Eleanor,Palmer,kayleigh78@example.org,Germany,2025-07-09
164,Marian,Rees,julian16@example.org,UK,2024-11-17
165,Ashleigh,Campbell,williamsannette@example.com,UK,2024-02-21
166,Matthew,Thomas,harriskaren@example.com,France,2025-05-03
167,Jacob,Smith,yarmstrong@example.org,France,2025-06-27
168,Ronald,Jarvis,pbibi@example.com,UK,2024-02-28
169,Carole,Wilkins,ddawson@example.com,France,2024-03-23
170,Dorothy,Potts,rhutchinson@example.net,UK,2024-03-11
171,Charles,Ford,kate46@example.net,France,2024-03-10
172,Tony,Murphy,joe67@example.org,Germany,2024-08-28
173,Frank,Palmer,beverley44@example.org,Ireland,2024-05-02
174,Katy,Byrne,armstrongjoyce@example.net,France,2024-09-09
175,Adam,Walker,slee@example.org,France,2025-08-31
176,Lynda,Roberts,heatherbates@example.com,UK,2025-09-26
177,Josephine,Davey,teresaglover@example.net,UK,2025-03-05
178,Leah,Thomas,xrhodes@example.net,Germany,2025-08-20
179,Wayne,Green,toby62@example.org,France,2025-06-19
180,Wayne,Fitzgerald,melanie84@example.org,UK,2024-09-24
181,Douglas,Johnston,smorgan@example.net,UK,2025-11-16
182,Declan,Roberts,jrobson@example.org,Germany,2024-11-17
183,Sian,Wood,zmorgan@example.net,UK,2024-09-28
184,Claire,Green,ibrown@example.org,Ireland,2024-05-14
185,Sandra,Connolly,fiona65@example.org,Germany,2025-10-22
186,Frances,Barnes,bibichelsea@example.com,UK,2025-04-13
187,Kathryn,Quinn,woodsgillian@example.net,UK,2024-03-15
188,Josh,Brooks,davidsonian@example.com,UK,2025-04-14
189,Valerie,Clark,shannonkirk@example.com,France,2025-07-30
190,Lauren,Davies,ufox@example.org,UK,2024-03-16
191,Elizabeth,Waters,rrichards@example.org,France,2024-08-06
192,Hollie,Middleton,pwilliams@example.com,France,2024-09-28
193,Nigel,Robinson,paige50@example.com,UK,2024-12-23
194,Martyn,Barrett,wellssandra@example.org,UK,2024-09-07
195,Cheryl,Kelly,bentleybrett@example.org,UK,2024-10-18
196,Malcolm,Greenwood,brianburke@example.net,UK,2025-03-24
197,Gavin,Grant,hughrussell@example.net,France,2025-12-21
198,Paul,White,callumhenderson@example.org,UK,2025-09-18
199,Jamie,Benson,clarkesarah@example.org,Germany,2025-06-25
200,Joan,Turnbull,arthurbarnett@example.net,UK,2025-11-14
201,Emily,Carey,joneslinda@example.net,France,2024-11-02
202,Jenna,Griffiths,jaynethomas@example.net,Germany,2024-04-16
203,Maria,Atkins,longcatherine@example.com,UK,2024-09-27
204,Rachel,Vincent,cedwards@example.org,UK,2024-04-19
205,Jonathan,Storey,garyclarke@example.net,Germany,2025-07-20
206,Ashleigh,Grant,margaret98@example.com,UK,2024-10-05
207,Sandra,Lowe,sgibson@example.org,UK,2025-09-11
208,Abbie,Horton,sharonprice@example.org,UK,2024-12-17
209,Amy,Cook,umatthews@example.org,UK,2025-12-04
210,Terry,Pugh,karen27@example.org,Germany,2024-09-27
211,George,Lee,williamschristine@example.org,France,2025-05-15
212,Suzanne,Howard,vanessa16@example.com,UK,2024-02-22
213,Rosie,Singh,utaylor@example.org,UK,2025-10-11
214,Gerard,Foster,stuart98@example.org,Ireland,2024-10-10
215,Dean,Moss,raymonddodd@example.net,UK,2024-01-04
216,Laura,Clark,marion36@example.net,UK,2024-05-13
217,Brenda,Osborne,johnsylvia@example.net,Germany,2024-09-25
218,Vincent,Day,rita45@example.com,UK,2025-03-28
219,Thomas,Farrell,annamoss@example.org,France,2025-12-23
220,Patrick,Cox,greenmelanie@example.org,Ireland,2025-07-28
221,Nicola,Burton,charles54@example.net,UK,2024-04-24
222,Victor,O'Donnell,youngdean@example.org,UK,2025-12-08
223,Marian,Parker,dixonirene@example.com,UK,2025-07-12
224,Danielle,Jenkins,wrobertson@example.net,UK,2025-01-13
225,Geoffrey,Ward,abbottjosephine@example.net,France,2025-07-19
226,Holly,Hill,jordan36@example.net,UK,2025-03-16
227,William,Bailey,phillip24@example.com,UK,2024-02-12
228,Toby,O'Neill,lmorris@example.org,UK,2025-01-08
229,Jessica,Kent,donnadoherty@example.net,UK,2025-01-01
230,Owen,Hammond,williamskelly@example.org,UK,2025-11-29
231,Terry,Allen,aellis@example.com,UK,2025-11-13
232,Geoffrey,Gibbons,ronald97@example.net,UK,2024-12-28
233,Linda,Nicholson,smithjoan@example.com,France,2025-02-20
234,Judith,Ferguson,declan35@example.org,France,2024-06-07
235,Martin,Dennis,hillgordon@example.com,UK,2024-06-15
236,Bruce,Wood,damianwebb@example.com,UK,2025-02-26
237,Joe,Coleman,abbietucker@example.net,UK,2024-07-02
238,Valerie,Hall,kdavies@example.net,Germany,2024-12-06
239,Heather,Fleming,teresa52@example.com,Ireland,2025-11-16
240,Joseph,Jones,henry90@example.com,Germany,2024-09-11
241,Kathleen,Ford,dprice@example.com,UK,2024-06-12
242,Mitchell,Hamilton,richardskathleen@example.com,Germany,2024-04-20
243,Bethany,Jackson,poweralexandra@example.net,Ireland,2024-02-09
244,Roy,Storey,dknight@example.com,Ireland,2024-08-15
245,Timothy,Barker,graham82@example.org,UK,2025-04-16
246,Louis,Goddard,nbarry@example.org,UK,2024-11-08
247,Julie,Patel,charlotte65@example.net,UK,2024-08-16
248,June,Barnett,gary51@example.net,UK,2025-11-06
249,Josephine,Cooper,sylvia92@example.com,UK,2025-02-12
250,Jonathan,Jackson,brucegordon@example.net,UK,2024-10-12
251,Amelia,Adams,marilynwalters@example.org,UK,2024-10-12
252,Dylan,Moore,scott81@example.net,UK,2025-10-18
253,Vanessa,Davison,jack54@example.org,France,2025-02-13
254,Allan,Cook,ilucas@example.org,Germany,2025-07-03
255,Martin,Doyle,buckleysheila@example.net,UK,2024-01-29
256,Kerry,Thomas,marian29@example.com,UK,2024-09-24
257,Carl,Marsden,jenniferthomas@example.com,UK,2025-08-17
258,Sian,Peters,wmorrison@example.net,UK,2024-02-09
259,Lucy,Barnes,dylanmorgan@example.com,UK,2025-09-02
260,Gordon,Chan,shall@example.com,Ireland,2024-12-19
261,Stephanie,Hill,marcroberts@example.org,Germany,2024-11-17
262,Tony,Barnett,jcameron@example.org,Ireland,2025-09-12
263,Georgia,Barton,jake24@example.com,France,2024-04-28
264,Sally,Kennedy,ogreen@example.com,Ireland,2025-08-13
265,Damien,Begum,gmanning@example.com,UK,2024-09-17
266,Damian,Cooper,patelmatthew@example.com,UK,2025-12-26
267,Nigel,Bryant,jacob20@example.com,Ireland,2024-01-02
268,Megan,Booth,dianajones@example.net,France,2025-07-05
269,Christopher,Howe,smithkieran@example.net,Germany,2025-11-17
270,Tina,Hill,russellfrank@example.com,UK,2025-01-07
271,Adrian,Parker,ndawson@example.com,Ireland,2024-03-12
272,Philip,Griffiths,banderson@example.net,Germany,2024-12-04
273,Katherine,Allen,iainmahmood@example.net,France,2024-11-17
274,Jay,Smith,qkay@example.org,Germany,2024-05-07
275,Judith,Simpson,watsonpaige@example.net,Germany,2024-11-03
276,Kathleen,Naylor,cwong@example.net,France,2024-11-12
277,Charlotte,Robinson,andrew51@example.com,Germany,2025-02-22
278,Cameron,Hope,vaughanbrett@example.org,UK,2025-02-16
279,Samuel,Parsons,carly27@example.net,Germany,2024-10-29
280,Catherine,Mistry,philipedwards@example.com,France,2024-05-10
281,Alan,Harris,jamesluke@example.com,UK,2025-03-06
282,Dylan,Lewis,wsmith@example.net,Germany,2025-01-23
283,Karl,Hussain,taylormohamed@example.com,Germany,2024-06-27
284,Harry,Roberts,vball@example.com,France,2025-08-05
285,Emma,Cook,jeanmarshall@example.com,UK,2025-02-19
286,Maureen,Phillips,woodjason@example.com,France,2024-01-01
287,Mandy,Turner,janiceharris@example.org,UK,2024-10-20
288,Jason,Mills,stewart79@example.net,UK,2025-03-16
289,Rachel,Thompson,cparsons@example.net,France,2025-09-13
290,Jay,Richards,yrobertson@example.org,Germany,2024-11-25
291,Keith,Davies,zevans@example.net,Ireland,2025-03-28
292,Josephine,Walsh,wilkinstina@example.net,Ireland,2025-11-22
293,Jennifer,Howells,smithleah@example.com,UK,2025-06-07
294,Linda,Cooper,butlerjosephine@example.com,Ireland,2024-06-22
295,Lauren,Patel,allenmelanie@example.com,Germany,2024-03-27
296,Patricia,McLean,frederick10@example.net,UK,2025-06-11
297,Christian,Morley,hjohnston@example.com,Germany,2025-10-10
298,Elliot,Campbell,mollyhussain@example.com,France,2024-12-09
299,Marc,Blake,pricelouise@example.org,UK,2024-08-28
300,Jill,Morgan,dorothy51@example.net,Germany,2024-11-13
301,Joanna,Harris,charles25@example.net,UK,2024-07-22
302,Francis,O'Neill,bradleysmith@example.com,UK,2024-01-26
303,Richard,Evans,jade82@example.net,UK,2024-09-07
304,Nicholas,Collins,uwatkins@example.com,Ireland,2025-09-17
305,Kerry,Ali,ewest@example.org,UK,2025-04-11
306,Elliott,Graham,hhall@example.com,Ireland,2025-10-06
307,Scott,Shaw,callumwilliams@example.org,France,2024-07-18
308,Harry,Joyce,roger25@example.net,Germany,2025-12-14
309,Eric,Ward,jason43@example.net,Ireland,2025-05-21
310,Lynn,Robertson,jayne81@example.net,Ireland,2024-09-06
311,Jemma,Thompson,ronaldslater@example.net,UK,2025-11-02
312,Rachael,Haynes,masonmatthew@example.org,Germany,2024-01-06
313,Jordan,Wells,naomi39@example.com,UK,2025-03-11
314,Marian,Dawson,igregory@example.com,UK,2024-06-29
315,Jemma,Andrews,zsmith@example.net,Germany,2025-06-14
316,Carol,Jordan,holmescharles@example.com,Ireland,2024-02-21
317,Elizabeth,Jones,mauricejenkins@example.com,France,2024-09-12
318,Stanley,Hunter,tracey25@example.net,UK,2025-04-12
319,Chelsea,Whitehouse,natalieblake@example.com,UK,2025-04-20
320,Louis,Dale,harrisjacqueline@example.net,Germany,2025-06-27
321,Samantha,Smith,tobymcdonald@example.net,France,2025-09-01
322,Terry,Barrett,dawnturner@example.com,UK,2025-03-29
323,Dawn,Shaw,zbrown@example.net,France,2025-05-31
324,Clare,Morgan,caroleingram@example.org,Ireland,2025-07-15
325,Lawrence,Hughes,ahussain@example.org,Ireland,2024-06-11
326,Sharon,Macdonald,claire65@example.org,Germany,2025-05-01
327,Joanne,Bentley,lindafisher@example.org,Ireland,2024-09-22
328,Emma,Pollard,sara91@example.org,UK,2025-10-14
329,Lewis,North,nicole52@example.org,UK,2025-06-17
330,Mandy,Bond,thomasashley@example.net,Ireland,2025-10-03
331,Brett,Roberts,gbray@example.org,UK,2024-10-08
332,Toby,Begum,ben69@example.net,Ireland,2024-03-20
333,Clifford,Wright,twalters@example.com,Germany,2024-10-19
334,Andrew,Chan,robinsoncarole@example.com,UK,2024-10-05
335,Charlene,Johnson,pphillips@example.net,UK,2024-11-23
336,Melissa,Wilson,jacksonronald@example.net,France,2024-03-23
337,Harriet,Atkinson,rkennedy@example.org,UK,2024-06-03
338,Ryan,Allen,bateschloe@example.com,UK,2025-01-27
339,Samantha,Hayes,victoriaknight@example.net,Germany,2024-06-05
340,Megan,Wong,colemaureen@example.org,Germany,2024-08-07
341,Chelsea,Rose,ucarey@example.org,UK,2025-02-28
342,Kelly,Walker,janice54@example.net,Ireland,2024-12-04
343,Pamela,Lucas,rickydoherty@example.org,France,2025-04-22
344,Joel,Vaughan,holliecole@example.com,Ireland,2024-03-04
345,Catherine,Stone,gerard19@example.net,UK,2025-03-06
346,Paige,Palmer,xsummers@example.org,Ireland,2025-08-21
347,Gregory,Thomas,wardangela@example.net,Germany,2024-01-21
348,Douglas,Morris,reecefinch@example.com,France,2025-01-24
349,Chelsea,Booth,raymondrichards@example.net,Ireland,2024-01-07
350,Shane,Smith,kimbarnes@example.org,UK,2024-11-01
351,Amy,Sheppard,xspencer@example.org,Ireland,2025-03-05
352,Christopher,Arnold,janeriley@example.com,France,2025-07-13
353,Lesley,Horton,danny40@example.org,France,2024-08-13
354,Naomi,Allen,johnstonclive@example.com,Ireland,2024-08-12
355,Edward,McDonald,turnerpatricia@example.com,UK,2025-03-22
356,Christian,Cross,ian04@example.net,Ireland,2024-01-30
357,Mandy,Dean,glen78@example.net,Ireland,2024-12-10
358,Valerie,Gregory,leannejones@example.org,Germany,2025-11-26
359,Nathan,Butcher,tbrooks@example.org,Ireland,2024-06-18
360,Stephen,Pratt,kirsty32@example.net,Ireland,2024-05-10
361,Ruth,Bartlett,flewis@example.com,France,2025-06-30
362,Aimee,Green,lesleyturnbull@example.org,UK,2025-02-07
363,Thomas,Smith,katiemitchell@example.com,France,2025-07-31
364,Josh,Jackson,smithrebecca@example.net,Germany,2024-01-28
365,Damian,Farmer,hallsam@example.com,UK,2025-10-20
366,Joyce,Kerr,hollie14@example.com,Ireland,2024-05-18
367,Jayne,Quinn,lesleygould@example.net,Ireland,2024-07-05
368,Lynda,Patel,zreed@example.net,UK,2024-09-23
369,Charlie,Carter,careydebra@example.net,Ireland,2024-12-01
370,Linda,Ferguson,longlorraine@example.net,UK,2025-04-10
371,Reece,Allen,rogermills@example.net,UK,2024-12-11
372,Angela,Clark,carolejones@example.net,Ireland,2024-10-11
373,Katie,Law,aclarke@example.com,Ireland,2024-09-15
374,Lynne,Tomlinson,tdavies@example.net,UK,2025-04-26
375,Daniel,Frost,morrisrosemary@example.org,UK,2025-07-06
376,Jordan,Douglas,hendersondarren@example.org,UK,2024-12-24
377,Megan,Higgins,igardner@example.net,UK,2025-10-27
378,Leah,Robson,margaret76@example.com,UK,2025-10-29
379,Jonathan,Richardson,hilarytaylor@example.org,UK,2024-02-01
380,Antony,Turner,uhill@example.org,UK,2024-07-23
381,Paul,Davey,gillian86@example.net,UK,2025-09-28
382,Jessica,West,kellyward@example.com,UK,2024-09-01
383,Roy,Cross,higginsirene@example.com,UK,2025-04-29
384,Jayne,Miller,smithjoseph@example.org,Germany,2024-04-27
385,Marilyn,Rhodes,smithsamuel@example.com,France,2024-08-11
386,Jennifer,Henry,williamdavidson@example.com,Ireland,2025-12-17
387,Donald,Sharp,melissa95@example.org,UK,2025-01-12
388,Josh,Hawkins,amyhodgson@example.org,UK,2025-09-12
389,Nicole,Wells,kayleighdavies@example.net,France,2024-04-27
390,Olivia,Parker,carly68@example.com,UK,2024-11-14
391,Bethan,Sanderson,cliffordpatel@example.net,UK,2025-08-15
392,Elaine,Smith,cliffordtaylor@example.org,UK,2024-11-15
393,Gillian,Austin,jmorgan@example.net,France,2025-11-24
394,Aaron,McCarthy,dennis51@example.com,Ireland,2025-02-10
395,Lauren,Green,leephillips@example.net,Germany,2024-07-22
396,Rachael,Gibbs,kaykate@example.net,UK,2025-08-29
397,Vanessa,Moore,vkelly@example.com,Germany,2025-10-04
398,Stephen,Kelly,terencemorris@example.com,UK,2024-04-14
399,Norman,Booth,patriciaaustin@example.net,Germany,2024-11-04
400,Danny,Russell,phall@example.com,Germany,2025-09-06
401,Mohammad,Smith,zhall@example.net,UK,2025-08-02
402,Pauline,Carter,dennis55@example.com,UK,2024-12-21
403,Jordan,Moore,jacobbrown@example.net,France,2025-03-14
404,Fiona,Jackson,mharris@example.com,Germany,2025-01-14
405,Bernard,Palmer,dawnwalton@example.net,UK,2025-06-02
406,Tom,Smith,pmorgan@example.net,Germany,2024-12-15
407,Abigail,Hall,leslie28@example.com,UK,2025-03-06
408,Jeffrey,Bell,barrykeith@example.net,Ireland,2024-04-18
409,Anthony,Miller,okhan@example.org,Ireland,2025-01-05
410,Joseph,Goddard,lloydcaroline@example.com,Germany,2025-04-15
411,Darren,Richards,bslater@example.org,Germany,2024-06-05
412,Stacey,Fisher,brownhenry@example.net,Ireland,2024-06-29
413,Mitchell,Brown,lforster@example.org,Germany,2025-06-18
414,Lewis,Barry,alexbibi@example.com,Germany,2024-10-03
415,Owen,Phillips,zhooper@example.com,France,2025-07-05
416,Anna,Smith,cliffordrichardson@example.org,Ireland,2025-04-21
417,Hilary,Chambers,greenjessica@example.com,Ireland,2025-08-29
418,Lynn,Jones,campbelljake@example.com,UK,2024-11-26
419,Tracy,Berry,anna18@example.org,UK,2024-03-29
420,Bernard,Kelly,edixon@example.net,UK,2025-04-06
421,Leonard,Sutton,gardnerguy@example.org,UK,2025-04-20
422,Gavin,Fox,tmurray@example.org,France,2025-09-16
423,Lynne,Smith,idavies@example.com,Germany,2025-01-23
424,Jacqueline,Davey,charlenewood@example.net,UK,2024-01-30
425,Denis,Collier,ebarnes@example.com,Ireland,2024-11-28
426,Rachael,Hilton,umorgan@example.org,UK,2025-05-14
427,Ashleigh,Robertson,whughes@example.net,UK,2024-12-29
428,Nicola,Williams,ncunningham@example.com,UK,2024-12-14
429,Louis,Edwards,phillipsjessica@example.net,UK,2025-09-02
430,Ashleigh,Nash,gsaunders@example.org,Germany,2024-10-09
431,Christopher,Hewitt,revans@example.org,France,2024-01-11
432,Wayne,Hopkins,jpatterson@example.net,France,2024-07-14
433,Jane,Webb,nixoncolin@example.net,UK,2024-09-04
434,June,McKenzie,abrown@example.com,Germany,2025-02-20
435,Graham,Wood,alexandrareynolds@example.net,Ireland,2025-07-22
436,Jessica,Thompson,josh47@example.org,UK,2025-12-08
437,Philip,Thompson,emily47@example.org,Ireland,2025-10-23
438,Rebecca,Smith,kayleighhughes@example.net,Germany,2025-05-17
439,Dominic,Murphy,leonbailey@example.com,Ireland,2024-01-18
440,Brett,Gray,vroberts@example.com,UK,2024-10-28
441,Albert,Crawford,cliffordpotter@example.net,UK,2025-02-18
442,Marc,Jones,patriciamorgan@example.com,Germany,2024-09-06
443,Annette,Parkinson,victorpatel@example.com,UK,2025-11-10
444,Julie,Clark,jennaturner@example.org,France,2025-01-12
445,Jill,Read,watsonbethany@example.net,Ireland,2025-07-20
446,Rhys,Williams,hazel16@example.net,France,2024-12-18
447,Dawn,Khan,cameron42@example.net,Ireland,2025-07-17
448,Mary,Pearson,pattersonjune@example.com,UK,2024-12-26
449,Carole,Matthews,ydunn@example.com,Germany,2025-04-09
450,Rita,Bowen,griffithsfrederick@example.net,UK,2024-11-09
451,Rosie,Evans,mooreleah@example.net,UK,2024-08-24
452,Eileen,Matthews,sharon10@example.org,UK,2024-07-16
453,Garry,Morton,katiepatel@example.com,UK,2024-05-02
454,Josephine,Fox,leighturner@example.com,Germany,2025-07-02
455,Stuart,Harris,clarkpatrick@example.com,Germany,2024-07-08
456,Graeme,Ward,mariajones@example.com,UK,2024-08-09
457,Lewis,Williams,tnewton@example.org,Germany,2025-05-10
458,Carolyn,Clark,eileen12@example.net,UK,2025-08-26
459,Norman,Lewis,mohamedmoore@example.com,France,2025-09-03
460,Dale,Roberts,christianhart@example.com,UK,2024-04-12
461,Hannah,Day,barbarawright@example.com,UK,2024-10-30
462,Christopher,Cole,rickymitchell@example.org,UK,2025-01-04
463,Melissa,Warner,clairerose@example.com,UK,2024-11-05
464,Geoffrey,Smith,ohill@example.com,UK,2025-12-26
465,Jodie,McCarthy,wfox@example.com,France,2024-05-09
466,Clare,Richards,jayne91@example.net,UK,2024-02-16
467,Aaron,Webster,stewarthardy@example.com,UK,2025-07-20
468,Annette,Dale,ifletcher@example.net,UK,2025-12-15
469,Jacqueline,Davison,swoods@example.net,UK,2025-10-15
470,Kyle,Duffy,lbarber@example.com,Ireland,2024-04-15
471,Barbara,Bibi,john72@example.org,UK,2025-08-10
472,Jacqueline,Robson,fhanson@example.com,UK,2025-04-25
473,Carolyn,Gray,kthompson@example.org,Ireland,2025-03-27
474,Gerald,Harris,eric84@example.org,UK,2024-07-07
475,Clare,Armstrong,hparry@example.net,UK,2024-09-15
476,Geoffrey,Phillips,joanna07@example.net,Ireland,2024-04-26
477,Charlie,Scott,newmanhilary@example.org,UK,2025-02-14
478,Joel,Gardiner,powerdamien@example.org,Ireland,2024-03-16
479,Jennifer,Taylor,russellfrank@example.org,France,2025-10-06
480,Joan,Conway,ithompson@example.org,Germany,2024-02-24
481,Russell,Nelson,stacey49@example.net,UK,2024-06-01
482,Leslie,Turnbull,gregory94@example.net,France,2024-11-07
483,Josephine,Sharp,victoriabell@example.com,UK,2024-09-11
484,Abbie,Clarke,fredericklane@example.com,UK,2025-07-25
485,Louis,Carter,kjones@example.net,Ireland,2025-09-12
486,Max,Johnson,oprice@example.org,France,2025-09-25
487,Sophie,Lewis,annette57@example.com,UK,2025-06-19
488,Toby,Jackson,elliottclare@example.net,Ireland,2025-04-06
489,Rosie,Harrison,colespatricia@example.org,Ireland,2024-10-31
490,Anne,West,sphillips@example.com,France,2025-03-15
491,Lorraine,Whitehead,rpearson@example.org,UK,2025-08-05
492,Jordan,Spencer,kbrown@example.com,France,2024-03-02
493,Caroline,Savage,showell@example.org,France,2024-04-11
494,Francesca,Atkins,colin54@example.org,UK,2025-10-02
495,Christine,King,leefrost@example.com,UK,2024-09-27
496,Beth,Mitchell,tlynch@example.org,Germany,2024-03-24
497,David,Dobson,danielseric@example.net,UK,2024-09-02
498,Gail,Williams,boothtrevor@example.com,UK,2025-07-19
499,Annette,Daniels,wilsoncraig@example.net,UK,2024-06-09
500,Timothy,Webb,clifford26@example.org,UK,2025-02-22
