order_id,customer_id,product_id,order_date,channel,quantity,unit_price,status
1,349,14,2025-06-15,eBay,4,86.37,completed
2,406,15,2025-04-28,Website,1,64.05,completed
3,440,10,2025-01-21,Amazon,5,16.0,refunded
4,160,15,2025-11-30,Offline Trade,5,64.05,completed
5,248,4,2025-10-27,Offline Trade,2,58.85,refunded
6,94,1,2025-08-29,eBay,1,58.46,refunded
7,408,4,2025-06-14,Website,3,58.85,completed
8,498,1,2025-07-30,Offline Trade,3,58.46,completed
9,326,2,2025-10-09,Website,4,40.62,refunded
10,11,10,2025-06-11,eBay,1,16.0,completed
11,90,11,2025-07-26,Website,1,42.45,cancelled
12,114,13,2025-07-31,Website,4,21.93,completed
13,473,15,2025-07-05,Offline Trade,5,64.05,refunded
14,202,6,2025-04-15,eBay,1,78.01,cancelled
15,428,4,2025-05-28,Offline Trade,2,58.85,refunded
16,213,5,2025-01-15,Amazon,1,111.48,completed
17,325,11,2025-10-10,Website,3,42.45,cancelled
18,206,6,2025-02-17,Amazon,4,78.01,completed
19,54,5,2025-03-02,Amazon,4,111.48,refunded
20,245,12,2025-09-18,eBay,3,71.75,refunded
21,470,9,2025-08-30,Amazon,4,109.74,refunded
22,83,5,2025-03-16,Offline Trade,5,111.48,completed
23,54,2,2025-09-18,Amazon,5,40.62,completed
24,377,12,2025-08-01,eBay,3,71.75,cancelled
25,242,6,2025-01-02,eBay,3,78.01,completed
26,363,1,2025-10-24,Offline Trade,5,58.46,completed
27,40,16,2025-10-03,Offline Trade,4,17.01,completed
28,78,1,2025-10-10,Offline Trade,3,58.46,refunded
29,328,6,2025-04-07,Amazon,3,78.01,cancelled
30,46,5,2025-04-30,Offline Trade,4,111.48,completed
31,321,9,2025-08-31,Offline Trade,3,109.74,refunded
32,314,9,2025-09-11,Website,2,109.74,completed
33,222,10,2025-10-30,eBay,5,16.0,completed
34,189,14,2025-02-21,Offline Trade,4,86.37,completed
35,400,8,2025-07-29,Amazon,2,68.99,completed
36,182,12,2025-05-16,eBay,4,71.75,cancelled
37,110,12,2025-11-29,Website,4,71.75,completed
38,19,8,2025-07-14,eBay,5,68.99,refunded
39,63,7,2025-01-19,Website,5,112.57,completed
40,193,1,2025-04-27,Website,3,58.46,refunded
41,53,2,2025-11-21,Website,1,40.62,refunded
42,7,12,2025-12-22,eBay,2,71.75,completed
43,142,9,2025-06-16,Website,1,109.74,completed
44,497,7,2025-07-11,Offline Trade,3,112.57,completed
45,6,7,2025-09-29,Offline Trade,2,112.57,cancelled
46,133,11,2025-03-29,Amazon,2,42.45,completed
47,9,5,2025-07-15,Amazon,5,111.48,refunded
48,488,7,2025-03-15,Amazon,5,112.57,refunded
49,398,4,2025-08-24,eBay,3,58.85,completed
50,247,1,2025-05-28,Amazon,4,58.46,completed
51,175,8,2025-06-26,eBay,4,68.99,refunded
52,365,3,2025-08-22,eBay,3,87.18,completed
53,217,2,2025-09-05,Website,4,40.62,completed
54,271,5,2025-10-20,eBay,4,111.48,cancelled
55,459,12,2025-12-25,eBay,3,71.75,completed
56,335,14,2025-05-21,Website,4,86.37,cancelled
57,5,3,2025-11-07,Offline Trade,1,87.18,completed
58,437,4,2025-11-07,eBay,2,58.85,completed
59,448,12,2025-11-14,eBay,2,71.75,completed
60,482,14,2025-11-18,Website,1,86.37,completed
61,216,15,2025-01-18,eBay,4,64.05,completed
62,284,15,2025-06-01,eBay,1,64.05,refunded
63,24,13,2025-04-13,Amazon,2,21.93,cancelled
64,374,7,2025-09-29,eBay,3,112.57,completed
65,139,12,2025-09-04,eBay,3,71.75,completed
66,201,2,2025-08-28,Website,1,40.62,completed
67,373,14,2025-12-13,Offline Trade,2,86.37,cancelled
68,350,12,2025-02-16,Offline Trade,3,71.75,completed
69,455,6,2025-10-02,Website,3,78.01,refunded
70,268,11,2025-12-11,eBay,3,42.45,cancelled
71,322,13,2025-11-23,eBay,4,21.93,completed
72,160,13,2025-08-30,Website,2,21.93,cancelled
73,369,15,2025-06-17,Amazon,5,64.05,completed
74,331,3,2025-12-25,eBay,4,87.18,refunded
75,214,16,2025-03-13,Website,1,17.01,completed
76,199,8,2025-09-10,Website,3,68.99,completed
77,284,12,2025-10-03,Amazon,2,71.75,refunded
78,136,16,2025-07-09,Offline Trade,4,17.01,cancelled
79,84,14,2025-08-01,Website,2,86.37,refunded
80,132,2,2025-07-28,eBay,5,40.62,completed
81,168,9,2025-04-22,Offline Trade,3,109.74,refunded
82,90,14,2025-07-05,Website,2,86.37,completed
83,481,5,2025-11-27,eBay,5,111.48,completed
84,381,2,2025-05-22,Amazon,4,40.62,completed
85,40,13,2025-02-16,Amazon,4,21.93,cancelled
86,312,15,2025-01-26,eBay,1,64.05,completed
87,411,10,2025-10-17,Amazon,2,16.0,completed
88,447,9,2025-04-17,Amazon,5,109.74,completed
89,182,16,2025-03-17,Website,3,17.01,completed
90,315,5,2025-03-08,eBay,2,111.48,completed
91,179,16,2025-12-05,Website,1,17.01,completed
92,347,15,2025-07-03,Amazon,1,64.05,cancelled
93,112,16,2025-01-09,Amazon,3,17.01,completed
94,339,7,2025-03-06,Offline Trade,1,112.57,cancelled
95,279,15,2025-02-02,Offline Trade,1,64.05,refunded
96,464,16,2025-09-20,Website,3,17.01,refunded
97,308,8,2025-04-24,Website,5,68.99,cancelled
98,456,2,2025-08-23,Website,3,40.62,completed
99,344,14,2025-07-25,Offline Trade,4,86.37,completed
100,87,11,2025-12-31,Offline Trade,4,42.45,completed
101,348,9,2025-06-14,Amazon,1,109.74,completed
102,141,3,2025-05-21,eBay,2,87.18,refunded
103,57,5,2025-09-29,eBay,5,111.48,refunded
104,3,6,2025-11-06,Offline Trade,5,78.01,completed
105,443,15,2025-12-02,Amazon,1,64.05,refunded
106,94,4,2025-04-27,Offline Trade,4,58.85,completed
107,247,13,2025-07-24,Offline Trade,4,21.93,completed
108,276,10,2025-08-07,eBay,3,16.0,completed
109,208,6,2025-03-20,Offline Trade,3,78.01,completed
110,426,15,2025-02-13,Website,1,64.05,refunded
111,229,7,2025-07-10,Amazon,1,112.57,cancelled
112,279,15,2025-10-28,eBay,1,64.05,completed
113,38,4,2025-07-01,Offline Trade,4,58.85,completed
114,375,13,2025-11-04,eBay,3,21.93,completed
115,452,1,2025-10-23,Amazon,1,58.46,completed
116,51,11,2025-04-25,Website,4,42.45,completed
117,205,16,2025-07-08,Website,5,17.01,completed
118,347,1,2025-04-26,Offline Trade,5,58.46,cancelled
119,56,6,2025-11-11,Website,5,78.01,cancelled
120,41,13,2025-01-15,Amazon,3,21.93,completed
121,24,6,2025-06-23,eBay,3,78.01,completed
122,59,14,2025-03-15,Offline Trade,2,86.37,completed
123,395,3,2025-11-21,Website,2,87.18,completed
124,467,7,2025-04-21,Offline Trade,5,112.57,refunded
125,180,13,2025-06-24,Amazon,4,21.93,completed
126,232,6,2025-06-16,Website,3,78.01,completed
127,390,15,2025-03-22,Website,2,64.05,completed
128,189,12,2025-08-15,Offline Trade,3,71.75,refunded
129,452,11,2025-08-15,Offline Trade,5,42.45,completed
130,364,10,2025-09-20,Website,2,16.0,completed
131,156,8,2025-02-26,eBay,4,68.99,cancelled
132,293,4,2025-09-27,eBay,4,58.85,completed
133,420,3,2025-07-22,Website,2,87.18,completed
134,358,12,2025-06-04,Amazon,2,71.75,completed
135,377,12,2025-05-29,eBay,3,71.75,completed
136,484,15,2025-09-12,Offline Trade,1,64.05,completed
137,453,3,2025-07-14,Amazon,2,87.18,cancelled
138,184,3,2025-12-09,eBay,5,87.18,completed
139,138,2,2025-01-22,Offline Trade,4,40.62,completed
140,446,3,2025-02-09,eBay,4,87.18,cancelled
141,173,15,2025-10-21,Offline Trade,4,64.05,refunded
142,77,5,2025-02-28,Offline Trade,3,111.48,completed
143,8,9,2025-03-29,Offline Trade,3,109.74,completed
144,273,1,2025-08-12,Website,1,58.46,completed
145,129,1,2025-10-29,Offline Trade,4,58.46,cancelled
146,52,15,2025-07-22,eBay,1,64.05,completed
147,250,9,2025-06-20,Amazon,2,109.74,completed
148,55,10,2025-11-21,Website,5,16.0,cancelled
149,71,7,2025-04-10,eBay,5,112.57,completed
150,57,1,2025-05-01,Website,2,58.46,completed
151,251,1,2025-04-12,Amazon,3,58.46,cancelled
152,229,2,2025-12-02,Website,2,40.62,completed
153,200,12,2025-08-26,Offline Trade,4,71.75,cancelled
154,146,15,2025-06-15,eBay,5,64.05,completed
155,391,4,2025-02-04,Offline Trade,4,58.85,refunded
156,170,3,2025-05-21,Website,3,87.18,completed
157,207,10,2025-02-07,eBay,5,16.0,refunded
158,384,16,2025-01-20,Website,4,17.01,completed
159,152,4,2025-02-09,Website,3,58.85,cancelled
160,416,6,2025-09-17,Offline Trade,5,78.01,refunded
161,381,8,2025-10-11,Website,5,68.99,refunded
162,18,15,2025-11-30,Amazon,5,64.05,completed
163,439,6,2025-09-01,Amazon,5,78.01,completed
164,162,16,2025-02-22,eBay,4,17.01,completed
165,428,6,2025-11-27,Amazon,5,78.01,completed
166,454,1,2025-12-29,Offline Trade,2,58.46,refunded
167,42,10,2025-09-25,Amazon,5,16.0,completed
168,232,5,2025-05-25,Offline Trade,3,111.48,refunded
169,239,7,2025-12-14,Website,3,112.57,completed
170,78,5,2025-06-18,Website,1,111.48,cancelled
171,128,2,2025-05-26,eBay,4,40.62,cancelled
172,275,5,2025-06-20,Website,2,111.48,cancelled
173,59,5,2025-06-29,eBay,2,111.48,refunded
174,110,7,2025-11-01,Website,2,112.57,completed
175,429,4,2025-07-12,eBay,5,58.85,completed
176,281,4,2025-02-17,Offline Trade,5,58.85,cancelled
177,125,16,2025-01-10,eBay,3,17.01,completed
178,32,15,2025-04-20,eBay,2,64.05,refunded
179,31,6,2025-04-26,Amazon,2,78.01,completed
180,142,15,2025-06-01,Website,1,64.05,cancelled
181,263,8,2025-09-27,Website,5,68.99,completed
182,23,3,2025-03-09,Offline Trade,5,87.18,completed
183,251,10,2025-04-03,Amazon,2,16.0,refunded
184,389,9,2025-07-30,eBay,1,109.74,completed
185,201,9,2025-11-09,eBay,4,109.74,refunded
186,60,10,2025-10-01,Amazon,2,16.0,completed
187,45,4,2025-04-10,eBay,4,58.85,cancelled
188,322,3,2025-08-25,eBay,4,87.18,refunded
189,347,4,2025-09-28,Offline Trade,5,58.85,completed
190,186,16,2025-11-06,Amazon,2,17.01,completed
191,445,6,2025-11-25,Offline Trade,1,78.01,completed
192,396,16,2025-02-22,Website,5,17.01,completed
193,131,10,2025-03-24,eBay,1,16.0,refunded
194,325,9,2025-03-17,Offline Trade,5,109.74,completed
195,8,13,2025-08-19,eBay,2,21.93,completed
196,405,13,2025-01-28,Offline Trade,4,21.93,cancelled
197,68,11,2025-05-01,Offline Trade,3,42.45,completed
198,8,9,2025-04-25,Website,3,109.74,completed
199,386,1,2025-11-29,eBay,1,58.46,completed
200,155,8,2025-01-20,eBay,2,68.99,refunded
201,441,1,2025-12-28,Offline Trade,2,58.46,refunded
202,77,7,2025-01-03,Website,5,112.57,completed
203,220,3,2025-04-21,Amazon,3,87.18,cancelled
204,379,11,2025-09-28,Offline Trade,5,42.45,completed
205,399,12,2025-05-02,eBay,3,71.75,completed
206,302,10,2025-05-03,Offline Trade,1,16.0,cancelled
207,79,3,2025-02-02,Website,4,87.18,refunded
208,378,15,2025-10-02,Website,5,64.05,cancelled
209,205,15,2025-05-04,Amazon,5,64.05,completed
210,445,2,2025-01-01,eBay,4,40.62,completed
211,400,6,2025-08-02,Amazon,5,78.01,completed
212,362,12,2025-07-04,Website,5,71.75,cancelled
213,266,9,2025-09-17,Website,5,109.74,refunded
214,432,4,2025-01-23,Offline Trade,4,58.85,completed
215,425,1,2025-01-09,eBay,3,58.46,completed
216,497,13,2025-05-04,Website,3,21.93,cancelled
217,81,1,2025-03-10,Website,3,58.46,completed
218,48,11,2025-06-23,Amazon,5,42.45,refunded
219,204,15,2025-11-20,Amazon,4,64.05,completed
220,316,16,2025-08-23,Website,1,17.01,completed
221,351,1,2025-01-23,Amazon,2,58.46,completed
222,405,11,2025-06-08,Offline Trade,3,42.45,cancelled
223,216,14,2025-05-10,Website,4,86.37,completed
224,343,7,2025-07-02,Website,3,112.57,completed
225,250,4,2025-03-05,eBay,3,58.85,refunded
226,348,6,2025-08-14,Offline Trade,4,78.01,completed
227,498,16,2025-09-12,Offline Trade,2,17.01,completed
228,484,3,2025-05-17,Website,5,87.18,refunded
229,157,7,2025-08-09,Amazon,1,112.57,cancelled
230,264,16,2025-06-14,Website,3,17.01,completed
231,154,9,2025-12-05,eBay,3,109.74,completed
232,389,12,2025-11-05,Offline Trade,4,71.75,completed
233,66,11,2025-06-29,Offline Trade,4,42.45,completed
234,398,1,2025-11-11,Offline Trade,3,58.46,completed
235,280,2,2025-02-08,Offline Trade,1,40.62,completed
236,152,13,2025-12-14,Amazon,5,21.93,completed
237,174,16,2025-11-08,Offline Trade,2,17.01,completed
238,359,2,2025-02-04,Amazon,2,40.62,completed
239,226,14,2025-07-16,Website,3,86.37,cancelled
240,456,12,2025-12-14,Offline Trade,2,71.75,completed
241,215,5,2025-08-16,Website,3,111.48,cancelled
242,431,12,2025-09-29,eBay,2,71.75,refunded
243,58,12,2025-11-29,eBay,3,71.75,completed
244,173,8,2025-01-14,Amazon,1,68.99,refunded
245,480,10,2025-07-18,Website,5,16.0,completed
246,269,16,2025-12-27,Offline Trade,3,17.01,completed
247,264,12,2025-05-27,Offline Trade,5,71.75,completed
248,180,14,2025-03-11,Website,1,86.37,refunded
249,467,14,2025-08-16,Website,2,86.37,completed
250,1,4,2025-12-30,Website,3,58.85,cancelled
251,146,9,2025-05-29,eBay,5,109.74,completed
252,60,9,2025-07-05,Amazon,2,109.74,completed
253,132,12,2025-03-13,Amazon,2,71.75,refunded
254,190,13,2025-07-04,eBay,1,21.93,refunded
255,34,9,2025-03-08,Website,5,109.74,completed
256,1,4,2025-07-23,Offline Trade,3,58.85,cancelled
257,441,9,2025-07-29,Website,4,109.74,completed
258,460,9,2025-11-25,Website,3,109.74,refunded
259,107,5,2025-12-15,eBay,4,111.48,completed
260,255,8,2025-11-24,Amazon,5,68.99,completed
261,137,15,2025-09-15,Website,4,64.05,completed
262,224,3,2025-03-20,eBay,5,87.18,completed
263,125,10,2025-06-15,Amazon,2,16.0,completed
264,437,4,2025-05-26,Website,5,58.85,completed
265,423,13,2025-11-22,eBay,2,21.93,completed
266,338,11,2025-11-11,Website,3,42.45,cancelled
267,372,8,2025-10-31,Amazon,2,68.99,completed
268,177,12,2025-11-06,eBay,5,71.75,cancelled
269,108,6,2025-01-15,Website,1,78.01,completed
270,342,12,2025-05-16,Amazon,5,71.75,cancelled
271,31,1,2025-11-13,Website,4,58.46,refunded
272,183,5,2025-05-29,eBay,5,111.48,refunded
273,463,7,2025-12-17,Offline Trade,2,112.57,completed
274,82,14,2025-02-07,Website,4,86.37,completed
275,358,9,2025-08-01,Offline Trade,4,109.74,refunded
276,124,11,2025-06-24,Amazon,2,42.45,completed
277,73,4,2025-06-26,Offline Trade,3,58.85,completed
278,318,3,2025-09-21,Website,3,87.18,completed
279,6,7,2025-08-27,Website,2,112.57,completed
280,452,12,2025-05-07,Amazon,4,71.75,completed
281,395,11,2025-05-29,Offline Trade,1,42.45,cancelled
282,195,11,2025-05-08,Amazon,4,42.45,completed
283,25,14,2025-06-10,Amazon,5,86.37,completed
284,74,9,2025-09-21,Offline Trade,4,109.74,refunded
285,403,15,2025-09-12,Website,3,64.05,completed
286,478,15,2025-09-16,Offline Trade,4,64.05,completed
287,141,15,2025-10-26,eBay,2,64.05,completed
288,122,3,2025-05-25,Offline Trade,1,87.18,cancelled
289,444,13,2025-05-27,Website,4,21.93,completed
290,424,11,2025-03-10,eBay,4,42.45,completed
291,7,11,2025-07-07,Website,4,42.45,refunded
292,92,13,2025-10-19,Amazon,1,21.93,completed
293,83,13,2025-05-28,Website,5,21.93,refunded
294,247,6,2025-08-19,eBay,5,78.01,cancelled
295,158,11,2025-03-02,Amazon,5,42.45,completed
296,133,10,2025-07-11,eBay,4,16.0,cancelled
297,366,9,2025-03-15,Amazon,3,109.74,cancelled
298,55,11,2025-07-25,Website,5,42.45,completed
299,49,10,2025-03-12,eBay,1,16.0,refunded
300,106,1,2025-08-22,Amazon,5,58.46,cancelled
301,191,9,2025-03-13,eBay,5,109.74,cancelled
302,458,6,2025-03-25,Offline Trade,3,78.01,cancelled
303,386,13,2025-10-31,eBay,3,21.93,cancelled
304,126,3,2025-09-30,Offline Trade,5,87.18,cancelled
305,238,11,2025-09-01,Website,3,42.45,completed
306,75,14,2025-12-11,Website,3,86.37,refunded
307,41,5,2025-06-07,Website,5,111.48,cancelled
308,108,16,2025-05-16,Amazon,4,17.01,completed
309,20,14,2025-09-03,Amazon,5,86.37,cancelled
310,153,11,2025-07-14,Amazon,5,42.45,completed
311,185,1,2025-10-21,Website,1,58.46,completed
312,52,11,2025-08-14,eBay,1,42.45,refunded
313,255,15,2025-07-31,Amazon,2,64.05,refunded
314,300,4,2025-11-10,Offline Trade,5,58.85,completed
315,281,1,2025-09-23,Amazon,2,58.46,cancelled
316,236,12,2025-12-06,Offline Trade,3,71.75,cancelled
317,99,6,2025-06-10,Amazon,4,78.01,refunded
318,29,5,2025-06-25,eBay,5,111.48,completed
319,289,1,2025-09-05,Amazon,5,58.46,completed
320,360,11,2025-10-13,eBay,3,42.45,completed
321,39,13,2025-05-28,Amazon,3,21.93,refunded
322,50,13,2025-09-03,eBay,3,21.93,cancelled
323,350,16,2025-05-28,Website,3,17.01,cancelled
324,225,3,2025-07-14,Offline Trade,5,87.18,completed
325,301,14,2025-05-29,Website,2,86.37,completed
326,262,10,2025-06-27,Offline Trade,1,16.0,completed
327,146,5,2025-04-20,Amazon,4,111.48,cancelled
328,335,9,2025-10-15,eBay,3,109.74,completed
329,27,12,2025-11-12,Amazon,1,71.75,completed
330,65,10,2025-12-09,Amazon,1,16.0,completed
331,243,10,2025-02-21,Offline Trade,1,16.0,completed
332,35,13,2025-02-21,Amazon,4,21.93,completed
333,203,4,2025-03-22,Offline Trade,5,58.85,refunded
334,438,10,2025-11-30,Amazon,4,16.0,completed
335,114,6,2025-05-27,Website,3,78.01,completed
336,344,6,2025-04-29,Website,5,78.01,completed
337,13,4,2025-04-01,Website,4,58.85,refunded
338,417,3,2025-04-06,eBay,4,87.18,completed
339,245,8,2025-06-02,Website,1,68.99,completed
340,446,1,2025-08-21,Offline Trade,3,58.46,completed
341,477,4,2025-08-28,eBay,5,58.85,completed
342,262,12,2025-06-19,Amazon,1,71.75,refunded
343,196,6,2025-04-06,Website,3,78.01,completed
344,318,16,2025-10-18,Amazon,3,17.01,completed
345,459,13,2025-11-24,Offline Trade,5,21.93,refunded
346,194,4,2025-06-17,Website,5,58.85,refunded
347,73,1,2025-04-05,Amazon,1,58.46,refunded
348,445,8,2025-05-08,Website,3,68.99,completed
349,156,12,2025-05-01,Offline Trade,4,71.75,completed
350,168,3,2025-06-04,Website,3,87.18,completed
351,275,2,2025-12-21,Amazon,3,40.62,completed
352,342,1,2025-08-27,eBay,1,58.46,completed
353,379,12,2025-12-18,eBay,4,71.75,completed
354,149,9,2025-07-08,Amazon,3,109.74,completed
355,109,5,2025-09-02,Amazon,2,111.48,refunded
356,23,10,2025-07-11,Offline Trade,5,16.0,cancelled
357,236,8,2025-10-03,Amazon,4,68.99,completed
358,123,13,2025-02-11,Offline Trade,5,21.93,cancelled
359,334,2,2025-02-09,Website,3,40.62,completed
360,415,4,2025-09-16,Amazon,5,58.85,cancelled
361,37,11,2025-03-18,Amazon,5,42.45,completed
362,34,1,2025-08-15,Website,5,58.46,completed
363,253,9,2025-09-08,Website,5,109.74,cancelled
364,87,4,2025-01-29,Offline Trade,4,58.85,completed
365,271,8,2025-08-01,Offline Trade,5,68.99,cancelled
366,490,1,2025-10-14,Offline Trade,1,58.46,completed
367,498,5,2025-07-22,eBay,1,111.48,completed
368,76,14,2025-10-24,Website,2,86.37,completed
369,358,9,2025-06-26,Website,4,109.74,cancelled
370,423,6,2025-02-05,Offline Trade,1,78.01,completed
371,228,2,2025-07-29,Amazon,3,40.62,completed
372,357,13,2025-07-11,Offline Trade,4,21.93,refunded
373,276,3,2025-07-12,Website,4,87.18,cancelled
374,470,6,2025-12-01,eBay,2,78.01,completed
375,80,15,2025-10-03,Offline Trade,2,64.05,cancelled
376,316,1,2025-04-25,Website,2,58.46,completed
377,206,10,2025-08-26,Offline Trade,3,16.0,cancelled
378,354,8,2025-04-28,Amazon,4,68.99,refunded
379,328,10,2025-03-21,eBay,3,16.0,completed
380,95,10,2025-01-17,Offline Trade,1,16.0,cancelled
381,442,13,2025-05-04,Amazon,1,21.93,completed
382,402,8,2025-11-01,Website,1,68.99,refunded
383,319,3,2025-12-11,Website,5,87.18,completed
384,308,1,2025-07-25,Offline Trade,1,58.46,completed
385,456,9,2025-04-22,Website,5,109.74,completed
386,413,15,2025-05-29,Amazon,5,64.05,cancelled
387,494,3,2025-10-23,eBay,3,87.18,completed
388,303,15,2025-03-15,Amazon,3,64.05,refunded
389,199,6,2025-05-21,Website,3,78.01,cancelled
390,423,15,2025-03-31,Offline Trade,5,64.05,cancelled
391,114,13,2025-01-25,eBay,4,21.93,refunded
392,239,4,2025-06-13,Offline Trade,5,58.85,refunded
393,330,6,2025-06-03,Offline Trade,2,78.01,completed
394,201,1,2025-08-31,Amazon,5,58.46,completed
395,86,6,2025-12-29,Amazon,3,78.01,refunded
396,233,1,2025-10-15,Offline Trade,1,58.46,refunded
397,322,15,2025-09-29,Amazon,5,64.05,refunded
398,338,10,2025-05-11,Amazon,2,16.0,completed
399,467,11,2025-08-19,eBay,1,42.45,completed
400,368,3,2025-04-08,Website,5,87.18,completed
401,72,8,2025-12-11,Website,4,68.99,completed
402,399,12,2025-10-28,Amazon,2,71.75,refunded
403,440,13,2025-06-20,eBay,2,21.93,completed
404,48,14,2025-04-08,Website,2,86.37,refunded
405,161,1,2025-12-23,Amazon,2,58.46,refunded
406,335,16,2025-10-10,eBay,2,17.01,completed
407,176,15,2025-08-27,eBay,4,64.05,completed
408,488,4,2025-07-04,Offline Trade,3,58.85,refunded
409,355,16,2025-08-29,eBay,1,17.01,completed
410,264,12,2025-06-10,Offline Trade,3,71.75,completed
411,260,13,2025-04-24,Amazon,5,21.93,completed
412,395,2,2025-10-11,Offline Trade,3,40.62,completed
413,344,13,2025-04-11,eBay,2,21.93,completed
414,146,12,2025-10-19,Amazon,4,71.75,refunded
415,342,13,2025-12-02,eBay,5,21.93,completed
416,83,15,2025-11-25,Offline Trade,4,64.05,refunded
417,340,12,2025-06-30,Amazon,2,71.75,completed
418,290,12,2025-09-08,Amazon,5,71.75,cancelled
419,263,2,2025-09-26,Website,1,40.62,completed
420,368,13,2025-01-04,Offline Trade,1,21.93,completed
421,74,15,2025-02-04,Amazon,2,64.05,completed
422,306,11,2025-09-16,Offline Trade,2,42.45,completed
423,213,6,2025-11-13,Offline Trade,1,78.01,refunded
424,436,2,2025-01-04,Offline Trade,1,40.62,completed
425,200,4,2025-09-29,eBay,1,58.85,cancelled
426,206,16,2025-01-09,Offline Trade,3,17.01,completed
427,311,7,2025-02-19,Amazon,1,112.57,completed
428,433,10,2025-11-14,eBay,2,16.0,completed
429,167,1,2025-07-23,Website,3,58.46,completed
430,33,5,2025-08-24,Amazon,4,111.48,completed
431,90,12,2025-12-17,Website,3,71.75,completed
432,27,6,2025-07-27,Offline Trade,1,78.01,refunded
433,250,6,2025-09-01,Website,5,78.01,completed
434,342,7,2025-02-12,Offline Trade,2,112.57,refunded
435,387,5,2025-10-17,Website,3,111.48,cancelled
436,277,10,2025-04-28,Amazon,1,16.0,cancelled
437,470,7,2025-05-19,Website,4,112.57,completed
438,444,9,2025-10-06,Website,3,109.74,completed
439,128,6,2025-01-09,Amazon,3,78.01,cancelled
440,103,11,2025-12-31,Offline Trade,2,42.45,completed
441,351,8,2025-03-25,Amazon,3,68.99,cancelled
442,38,8,2025-12-13,eBay,4,68.99,refunded
443,223,2,2025-12-19,Website,2,40.62,cancelled
444,100,12,2025-01-28,Website,3,71.75,refunded
445,304,8,2025-02-08,eBay,2,68.99,cancelled
446,237,13,2025-11-01,Offline Trade,5,21.93,completed
447,478,7,2025-11-21,eBay,1,112.57,refunded
448,486,5,2025-04-27,eBay,4,111.48,cancelled
449,435,9,2025-08-10,Amazon,4,109.74,cancelled
450,500,7,2025-02-13,eBay,4,112.57,completed
451,323,4,2025-02-12,eBay,1,58.85,completed
452,462,6,2025-12-31,Amazon,4,78.01,refunded
453,16,15,2025-07-04,Website,3,64.05,completed
454,196,16,2025-06-07,Offline Trade,1,17.01,completed
455,139,2,2025-02-22,Amazon,3,40.62,completed
456,266,4,2025-08-09,Offline Trade,2,58.85,cancelled
457,193,9,2025-09-20,Offline Trade,5,109.74,completed
458,361,5,2025-02-15,eBay,1,111.48,cancelled
459,148,1,2025-11-02,eBay,1,58.46,refunded
460,285,9,2025-05-30,Offline Trade,1,109.74,refunded
461,447,12,2025-10-14,Amazon,1,71.75,cancelled
462,165,8,2025-03-28,Offline Trade,5,68.99,completed
463,241,12,2025-05-18,eBay,2,71.75,completed
464,433,6,2025-03-16,Website,4,78.01,completed
465,100,13,2025-05-22,Offline Trade,4,21.93,completed
466,59,15,2025-02-09,eBay,4,64.05,completed
467,80,13,2025-11-17,Offline Trade,2,21.93,cancelled
468,316,6,2025-04-11,Offline Trade,5,78.01,completed
469,394,5,2025-06-05,Website,2,111.48,refunded
470,118,1,2025-11-14,Offline Trade,3,58.46,completed
471,222,16,2025-06-21,Offline Trade,4,17.01,cancelled
472,142,10,2025-06-03,eBay,2,16.0,cancelled
473,391,4,2025-09-03,eBay,2,58.85,completed
474,239,1,2025-06-13,eBay,4,58.46,refunded
475,22,11,2025-05-05,eBay,5,42.45,refunded
476,159,6,2025-07-21,eBay,3,78.01,completed
477,104,4,2025-04-13,Amazon,5,58.85,cancelled
478,279,5,2025-08-25,Amazon,1,111.48,refunded
479,425,3,2025-12-21,Website,3,87.18,refunded
480,311,3,2025-03-13,eBay,4,87.18,completed
481,451,7,2025-12-04,Amazon,3,112.57,refunded
482,127,9,2025-02-07,Offline Trade,4,109.74,cancelled
483,136,1,2025-10-26,Offline Trade,4,58.46,cancelled
484,292,15,2025-12-21,Offline Trade,5,64.05,cancelled
485,105,2,2025-07-04,Website,1,40.62,completed
486,293,6,2025-12-03,eBay,2,78.01,completed
487,394,11,2025-01-23,Offline Trade,5,42.45,completed
488,273,7,2025-02-24,Website,4,112.57,completed
489,166,13,2025-04-24,Amazon,3,21.93,refunded
490,249,12,2025-07-20,Offline Trade,3,71.75,cancelled
491,325,8,2025-03-19,eBay,5,68.99,completed
492,182,5,2025-02-23,eBay,4,111.48,refunded
493,465,6,2025-03-01,Amazon,1,78.01,completed
494,399,2,2025-06-25,Offline Trade,3,40.62,completed
495,253,13,2025-09-05,eBay,5,21.93,refunded
496,433,12,2025-08-13,Offline Trade,1,71.75,completed
497,62,15,2025-06-03,Website,1,64.05,completed
498,278,11,2025-06-25,Website,1,42.45,completed
499,246,12,2025-09-22,Amazon,2,71.75,cancelled
500,40,9,2025-06-19,Offline Trade,2,109.74,refunded
501,47,7,2025-07-27,Amazon,2,112.57,completed
502,125,13,2025-07-22,Website,4,21.93,cancelled
503,161,14,2025-08-19,Offline Trade,2,86.37,refunded
504,70,15,2025-12-27,Amazon,1,64.05,completed
505,139,13,2025-12-27,Website,3,21.93,cancelled
506,327,12,2025-10-02,Amazon,1,71.75,completed
507,36,3,2025-04-11,Offline Trade,3,87.18,completed
508,298,9,2025-12-10,Offline Trade,3,109.74,cancelled
509,21,5,2025-11-02,Offline Trade,3,111.48,cancelled
510,342,15,2025-10-28,Website,4,64.05,completed
511,432,1,2025-08-23,Amazon,3,58.46,completed
512,287,7,2025-10-30,Website,5,112.57,completed
513,95,13,2025-03-02,Amazon,3,21.93,completed
514,337,10,2025-04-04,eBay,1,16.0,completed
515,33,14,2025-07-18,Offline Trade,5,86.37,cancelled
516,170,7,2025-10-22,Offline Trade,2,112.57,refunded
517,283,3,2025-09-07,Amazon,2,87.18,cancelled
518,258,5,2025-09-08,eBay,2,111.48,completed
519,464,11,2025-06-11,Offline Trade,2,42.45,cancelled
520,118,9,2025-07-03,Website,1,109.74,refunded
521,431,2,2025-04-10,Offline Trade,2,40.62,cancelled
522,255,6,2025-12-01,Offline Trade,5,78.01,refunded
523,317,5,2025-08-01,Offline Trade,4,111.48,refunded
524,40,14,2025-02-12,Website,2,86.37,completed
525,186,13,2025-01-17,eBay,3,21.93,completed
526,117,5,2025-05-28,Amazon,5,111.48,refunded
527,281,7,2025-09-11,Website,5,112.57,cancelled
528,128,3,2025-05-18,eBay,1,87.18,cancelled
529,500,15,2025-08-14,Amazon,1,64.05,refunded
530,27,16,2025-12-01,Amazon,1,17.01,completed
531,382,15,2025-08-19,eBay,1,64.05,completed
532,54,15,2025-08-13,Website,1,64.05,completed
533,106,15,2025-10-29,eBay,2,64.05,cancelled
534,365,6,2025-03-26,Amazon,4,78.01,completed
535,374,15,2025-01-31,eBay,2,64.05,cancelled
536,491,14,2025-11-02,Amazon,3,86.37,completed
537,393,7,2025-05-29,eBay,3,112.57,cancelled
538,463,7,2025-03-11,Offline Trade,1,112.57,completed
539,448,4,2025-12-02,Amazon,3,58.85,completed
540,368,5,2025-03-16,eBay,2,111.48,completed
541,114,6,2025-09-08,Amazon,4,78.01,cancelled
542,134,8,2025-11-18,Offline Trade,3,68.99,refunded
543,278,13,2025-02-08,Website,4,21.93,refunded
544,335,11,2025-05-23,eBay,5,42.45,refunded
545,7,13,2025-06-17,Website,4,21.93,completed
546,177,2,2025-11-22,eBay,4,40.62,completed
547,146,16,2025-07-23,Amazon,5,17.01,refunded
548,495,8,2025-09-11,eBay,2,68.99,completed
549,296,4,2025-06-22,Amazon,3,58.85,cancelled
550,32,7,2025-06-25,Website,4,112.57,completed
551,83,12,2025-11-17,Offline Trade,1,71.75,completed
552,44,5,2025-03-22,Offline Trade,1,111.48,refunded
553,161,12,2025-08-08,Amazon,1,71.75,completed
554,341,4,2025-03-23,eBay,3,58.85,completed
555,461,2,2025-05-09,Website,3,40.62,completed
556,402,5,2025-01-27,Offline Trade,2,111.48,completed
557,222,2,2025-08-08,Website,2,40.62,completed
558,334,15,2025-04-20,Offline Trade,1,64.05,completed
559,459,7,2025-10-31,Amazon,2,112.57,cancelled
560,484,13,2025-01-05,Website,4,21.93,completed
561,478,9,2025-08-05,Amazon,1,109.74,refunded
562,106,5,2025-04-28,Offline Trade,1,111.48,completed
563,64,14,2025-02-22,eBay,1,86.37,completed
564,143,2,2025-03-12,Offline Trade,3,40.62,completed
565,87,5,2025-02-05,Website,2,111.48,cancelled
566,442,4,2025-08-14,eBay,2,58.85,completed
567,427,3,2025-07-30,Offline Trade,2,87.18,completed
568,330,14,2025-02-21,Amazon,1,86.37,completed
569,266,15,2025-07-16,eBay,5,64.05,refunded
570,458,16,2025-03-13,Amazon,3,17.01,completed
571,103,4,2025-05-08,eBay,1,58.85,completed
572,86,6,2025-04-16,Amazon,3,78.01,refunded
573,170,12,2025-11-27,Website,3,71.75,completed
574,324,2,2025-07-17,Website,4,40.62,completed
575,483,8,2025-11-23,Website,4,68.99,cancelled
576,249,13,2025-07-04,eBay,1,21.93,completed
577,105,3,2025-10-19,Offline Trade,4,87.18,completed
578,182,1,2025-12-16,Amazon,5,58.46,refunded
579,329,3,2025-01-09,Website,1,87.18,completed
580,364,14,2025-04-21,Website,3,86.37,completed
581,300,15,2025-09-17,eBay,4,64.05,cancelled
582,36,2,2025-08-05,Offline Trade,4,40.62,completed
583,412,8,2025-10-03,Amazon,5,68.99,completed
584,8,7,2025-06-08,Website,1,112.57,cancelled
585,181,6,2025-03-21,eBay,2,78.01,refunded
586,325,15,2025-11-21,Website,5,64.05,completed
587,147,10,2025-05-03,Website,4,16.0,completed
588,276,16,2025-08-11,Website,1,17.01,refunded
589,76,3,2025-11-08,Website,5,87.18,completed
590,343,2,2025-03-03,Website,2,40.62,completed
591,168,3,2025-03-25,Offline Trade,1,87.18,completed
592,5,4,2025-09-22,eBay,5,58.85,completed
593,96,7,2025-03-06,eBay,3,112.57,completed
594,494,16,2025-06-21,Offline Trade,1,17.01,completed
595,244,10,2025-02-02,eBay,5,16.0,cancelled
596,346,8,2025-09-12,Offline Trade,1,68.99,cancelled
597,299,11,2025-01-29,Offline Trade,3,42.45,cancelled
598,270,9,2025-07-08,Amazon,2,109.74,completed
599,49,5,2025-10-21,Website,1,111.48,completed
600,144,6,2025-01-02,Website,5,78.01,completed
601,244,2,2025-01-24,Offline Trade,2,40.62,completed
602,380,12,2025-03-18,Amazon,4,71.75,completed
603,481,7,2025-12-02,Offline Trade,5,112.57,completed
604,465,16,2025-05-08,Offline Trade,3,17.01,completed
605,498,6,2025-02-09,eBay,3,78.01,completed
606,424,5,2025-12-11,Website,5,111.48,completed
607,30,1,2025-09-22,Website,2,58.46,refunded
608,238,8,2025-08-27,eBay,1,68.99,completed
609,381,5,2025-02-14,Offline Trade,3,111.48,completed
610,256,2,2025-04-13,eBay,3,40.62,cancelled
611,24,10,2025-11-15,Amazon,3,16.0,refunded
612,272,1,2025-10-30,Offline Trade,3,58.46,completed
613,366,3,2025-05-06,Amazon,5,87.18,completed
614,208,11,2025-01-13,Amazon,4,42.45,cancelled
615,7,10,2025-11-22,Website,3,16.0,completed
616,99,9,2025-12-03,Offline Trade,1,109.74,completed
617,125,2,2025-04-16,Amazon,1,40.62,refunded
618,447,7,2025-01-31,Amazon,4,112.57,completed
619,390,2,2025-01-23,Amazon,1,40.62,cancelled
620,284,13,2025-12-25,eBay,4,21.93,refunded
621,296,9,2025-10-25,Website,1,109.74,cancelled
622,92,15,2025-11-23,Offline Trade,2,64.05,completed
623,406,11,2025-10-18,Website,5,42.45,refunded
624,22,6,2025-05-02,eBay,2,78.01,completed
625,485,6,2025-07-21,eBay,3,78.01,completed
626,102,8,2025-05-20,Amazon,4,68.99,completed
627,471,8,2025-03-11,Website,2,68.99,completed
628,106,5,2025-03-26,Offline Trade,1,111.48,refunded
629,50,13,2025-07-28,Website,3,21.93,cancelled
630,106,5,2025-04-17,Offline Trade,3,111.48,completed
631,7,6,2025-05-16,Website,4,78.01,completed
632,45,14,2025-12-18,eBay,2,86.37,cancelled
633,387,12,2025-04-21,eBay,1,71.75,completed
634,62,11,2025-12-31,Amazon,1,42.45,completed
635,89,1,2025-09-20,Website,4,58.46,completed
636,440,7,2025-03-31,Website,3,112.57,refunded
637,263,7,2025-10-12,Amazon,4,112.57,completed
638,326,3,2025-02-22,Amazon,4,87.18,completed
639,372,10,2025-02-01,Amazon,1,16.0,completed
640,243,8,2025-07-25,eBay,2,68.99,completed
641,120,14,2025-10-28,eBay,5,86.37,completed
642,163,12,2025-02-03,Amazon,1,71.75,refunded
643,490,14,2025-02-17,eBay,2,86.37,completed
644,425,14,2025-08-25,Website,1,86.37,completed
645,118,6,2025-08-10,Offline Trade,5,78.01,refunded
646,117,15,2025-07-15,Offline Trade,1,64.05,completed
647,185,15,2025-04-20,Amazon,3,64.05,completed
648,376,9,2025-08-17,Amazon,3,109.74,completed
649,54,9,2025-11-14,Amazon,5,109.74,completed
650,293,2,2025-07-30,Offline Trade,4,40.62,completed
651,72,15,2025-05-24,Offline Trade,1,64.05,completed
652,50,12,2025-04-13,Amazon,4,71.75,cancelled
653,24,7,2025-07-15,eBay,1,112.57,refunded
654,62,6,2025-09-06,eBay,5,78.01,cancelled
655,147,4,2025-06-14,Offline Trade,5,58.85,completed
656,180,8,2025-01-14,eBay,2,68.99,cancelled
657,114,11,2025-01-16,eBay,2,42.45,completed
658,123,14,2025-09-29,eBay,4,86.37,cancelled
659,229,7,2025-03-23,Website,2,112.57,completed
660,321,16,2025-05-17,Website,2,17.01,completed
661,102,16,2025-07-18,eBay,5,17.01,completed
662,205,1,2025-05-02,eBay,2,58.46,completed
663,27,3,2025-01-15,eBay,5,87.18,cancelled
664,473,15,2025-03-14,Amazon,5,64.05,refunded
665,476,11,2025-06-08,Amazon,5,42.45,refunded
666,306,1,2025-02-16,Website,1,58.46,completed
667,169,5,2025-04-23,Website,5,111.48,cancelled
668,70,6,2025-01-01,eBay,4,78.01,cancelled
669,293,16,2025-03-08,eBay,2,17.01,completed
670,441,15,2025-01-31,Website,3,64.05,completed
671,352,4,2025-12-27,Amazon,5,58.85,completed
672,346,10,2025-07-06,Website,5,16.0,completed
673,127,6,2025-10-28,Website,4,78.01,completed
674,258,10,2025-06-15,Amazon,3,16.0,completed
675,293,9,2025-11-24,Offline Trade,4,109.74,completed
676,384,8,2025-12-29,eBay,2,68.99,completed
677,127,15,2025-03-31,Offline Trade,5,64.05,completed
678,118,16,2025-03-07,Amazon,3,17.01,completed
679,262,2,2025-07-20,Website,5,40.62,completed
680,96,1,2025-06-12,Amazon,5,58.46,cancelled
681,199,2,2025-09-12,Amazon,1,40.62,completed
682,321,14,2025-05-02,eBay,1,86.37,completed
683,78,14,2025-11-22,Website,2,86.37,completed
684,21,7,2025-01-06,eBay,4,112.57,completed
685,147,7,2025-12-21,Website,2,112.57,completed
686,361,3,2025-02-25,Website,3,87.18,completed
687,102,8,2025-08-13,Offline Trade,4,68.99,completed
688,256,11,2025-09-10,Offline Trade,4,42.45,completed
689,378,2,2025-07-12,Website,5,40.62,refunded
690,31,16,2025-11-30,Amazon,5,17.01,completed
691,192,4,2025-02-07,Website,4,58.85,completed
692,417,4,2025-06-13,eBay,1,58.85,completed
693,203,12,2025-06-25,Amazon,1,71.75,refunded
694,461,15,2025-02-08,Website,2,64.05,completed
695,287,11,2025-11-11,Offline Trade,5,42.45,completed
696,465,12,2025-12-01,Amazon,4,71.75,cancelled
697,158,15,2025-03-22,Website,4,64.05,completed
698,255,4,2025-04-16,Amazon,3,58.85,refunded
699,111,12,2025-10-04,eBay,5,71.75,completed
700,359,9,2025-05-02,Website,3,109.74,completed
701,115,3,2025-10-20,Offline Trade,4,87.18,completed
702,164,8,2025-07-04,Website,1,68.99,refunded
703,36,6,2025-05-31,Offline Trade,1,78.01,completed
704,160,13,2025-01-14,Amazon,1,21.93,completed
705,335,10,2025-02-11,Offline Trade,3,16.0,completed
706,21,8,2025-07-23,Offline Trade,3,68.99,refunded
707,103,1,2025-02-16,Offline Trade,3,58.46,completed
708,244,9,2025-07-15,eBay,3,109.74,completed
709,341,10,2025-01-23,eBay,4,16.0,refunded
710,109,13,2025-05-15,Amazon,4,21.93,completed
711,116,2,2025-02-01,Amazon,5,40.62,completed
712,140,9,2025-12-09,eBay,1,109.74,cancelled
713,330,1,2025-10-29,Amazon,4,58.46,cancelled
714,36,15,2025-07-18,Offline Trade,1,64.05,cancelled
715,98,14,2025-10-21,Amazon,4,86.37,refunded
716,359,6,2025-02-10,Offline Trade,3,78.01,completed
717,56,3,2025-10-20,Amazon,5,87.18,completed
718,121,6,2025-03-30,Amazon,4,78.01,completed
719,200,13,2025-03-06,Website,2,21.93,refunded
720,23,12,2025-12-16,Offline Trade,1,71.75,completed
721,460,6,2025-11-01,eBay,2,78.01,completed
722,308,11,2025-02-14,Offline Trade,1,42.45,cancelled
723,154,12,2025-10-10,eBay,4,71.75,completed
724,66,2,2025-08-23,Website,5,40.62,cancelled
725,316,16,2025-09-25,Offline Trade,5,17.01,completed
726,236,2,2025-03-18,Amazon,4,40.62,cancelled
727,210,15,2025-10-26,Website,5,64.05,completed
728,157,16,2025-02-21,eBay,5,17.01,cancelled
729,83,13,2025-07-30,eBay,3,21.93,refunded
730,25,1,2025-10-20,Offline Trade,4,58.46,completed
731,107,13,2025-05-22,Offline Trade,2,21.93,completed
732,62,10,2025-11-08,Offline Trade,5,16.0,completed
733,130,2,2025-06-19,Amazon,4,40.62,completed
734,464,15,2025-05-18,eBay,4,64.05,completed
735,79,14,2025-06-05,eBay,3,86.37,completed
736,238,10,2025-12-23,Website,4,16.0,completed
737,477,3,2025-06-03,Offline Trade,2,87.18,completed
738,17,13,2025-08-02,Website,3,21.93,completed
739,472,13,2025-04-19,Offline Trade,4,21.93,refunded
740,131,9,2025-07-11,Website,5,109.74,cancelled
741,150,15,2025-02-03,eBay,2,64.05,cancelled
742,92,11,2025-03-11,Website,4,42.45,completed
743,317,1,2025-04-13,Website,2,58.46,completed
744,461,13,2025-08-22,Website,1,21.93,completed
745,219,7,2025-05-21,eBay,2,112.57,refunded
746,473,3,2025-07-23,Website,5,87.18,completed
747,174,3,2025-07-10,Offline Trade,2,87.18,cancelled
748,417,9,2025-04-01,Offline Trade,4,109.74,cancelled
749,426,14,2025-06-29,eBay,5,86.37,completed
750,412,10,2025-12-19,Website,3,16.0,completed
751,440,10,2025-07-17,Website,1,16.0,completed
752,442,10,2025-04-20,Amazon,5,16.0,completed
753,139,14,2025-05-18,Offline Trade,2,86.37,cancelled
754,471,12,2025-12-16,Website,1,71.75,refunded
755,152,11,2025-11-28,Amazon,2,42.45,cancelled
756,308,8,2025-04-25,eBay,1,68.99,cancelled
757,19,16,2025-12-31,eBay,3,17.01,refunded
758,458,10,2025-06-28,Offline Trade,4,16.0,completed
759,466,13,2025-08-27,eBay,2,21.93,cancelled
760,169,14,2025-07-23,Website,5,86.37,completed
761,171,6,2025-12-06,eBay,5,78.01,cancelled
762,441,9,2025-11-08,eBay,5,109.74,completed
763,123,14,2025-09-04,Website,1,86.37,completed
764,430,16,2025-11-24,eBay,3,17.01,completed
765,290,11,2025-12-02,eBay,3,42.45,completed
766,205,5,2025-09-22,Amazon,2,111.48,completed
767,204,7,2025-07-26,eBay,5,112.57,completed
768,361,13,2025-12-02,Offline Trade,1,21.93,completed
769,301,4,2025-08-03,Offline Trade,3,58.85,refunded
770,440,16,2025-10-26,Amazon,1,17.01,completed
771,282,10,2025-12-18,Offline Trade,2,16.0,completed
772,243,10,2025-06-03,Amazon,5,16.0,cancelled
773,51,15,2025-05-31,Website,2,64.05,refunded
774,377,16,2025-05-13,Amazon,2,17.01,completed
775,279,4,2025-04-24,eBay,1,58.85,completed
776,120,16,2025-08-04,eBay,3,17.01,completed
777,234,4,2025-10-27,eBay,3,58.85,refunded
778,232,9,2025-08-29,Website,1,109.74,cancelled
779,173,13,2025-11-14,Website,5,21.93,refunded
780,293,9,2025-09-14,Website,2,109.74,refunded
781,72,15,2025-06-02,Offline Trade,5,64.05,completed
782,324,7,2025-03-12,Amazon,2,112.57,completed
783,32,15,2025-10-19,Offline Trade,4,64.05,completed
784,283,6,2025-04-03,Website,3,78.01,refunded
785,278,3,2025-11-20,Amazon,3,87.18,completed
786,44,12,2025-01-03,Offline Trade,1,71.75,completed
787,93,15,2025-03-28,Amazon,2,64.05,refunded
788,80,13,2025-03-08,Offline Trade,1,21.93,refunded
789,326,2,2025-08-08,Offline Trade,4,40.62,refunded
790,94,8,2025-01-20,Amazon,1,68.99,completed
791,1,10,2025-06-14,Amazon,1,16.0,completed
792,446,6,2025-11-17,Amazon,1,78.01,completed
793,496,13,2025-06-09,Amazon,3,21.93,completed
794,362,1,2025-09-15,eBay,4,58.46,completed
795,222,9,2025-01-24,eBay,1,109.74,completed
796,475,6,2025-09-24,eBay,4,78.01,refunded
797,11,15,2025-06-25,Offline Trade,2,64.05,completed
798,25,10,2025-03-26,Offline Trade,2,16.0,completed
799,280,3,2025-04-25,Amazon,2,87.18,completed
800,144,2,2025-10-29,Amazon,1,40.62,completed
801,362,16,2025-12-31,Website,3,17.01,refunded
802,404,7,2025-10-01,Website,3,112.57,cancelled
803,290,12,2025-12-05,Website,1,71.75,completed
804,322,11,2025-12-20,Website,1,42.45,refunded
805,292,13,2025-07-14,Website,4,21.93,cancelled
806,238,14,2025-08-31,Amazon,3,86.37,completed
807,161,13,2025-06-04,Offline Trade,1,21.93,completed
808,434,7,2025-05-19,Amazon,5,112.57,refunded
809,263,3,2025-09-19,Website,1,87.18,completed
810,317,7,2025-02-24,Offline Trade,1,112.57,completed
811,91,6,2025-04-13,eBay,5,78.01,cancelled
812,491,5,2025-07-03,Offline Trade,2,111.48,completed
813,406,14,2025-01-21,Offline Trade,2,86.37,completed
814,51,9,2025-06-19,Amazon,4,109.74,completed
815,305,3,2025-12-10,Website,1,87.18,completed
816,481,6,2025-12-09,Offline Trade,5,78.01,completed
817,248,12,2025-09-19,Website,1,71.75,completed
818,403,1,2025-11-26,Amazon,3,58.46,refunded
819,170,15,2025-05-16,Offline Trade,3,64.05,completed
820,273,6,2025-03-31,Website,1,78.01,completed
821,387,16,2025-12-13,eBay,3,17.01,refunded
822,337,11,2025-02-18,Website,1,42.45,completed
823,444,16,2025-12-06,Amazon,2,17.01,completed
824,270,13,2025-08-13,eBay,3,21.93,completed
825,22,5,2025-06-25,Amazon,3,111.48,completed
826,334,7,2025-07-24,Offline Trade,4,112.57,completed
827,386,16,2025-12-20,Offline Trade,4,17.01,refunded
828,319,1,2025-02-27,Amazon,2,58.46,completed
829,415,3,2025-02-23,Offline Trade,2,87.18,cancelled
830,113,16,2025-10-19,Offline Trade,4,17.01,completed
831,444,14,2025-07-14,eBay,5,86.37,cancelled
832,213,11,2025-12-17,Amazon,1,42.45,refunded
833,272,6,2025-02-27,Offline Trade,4,78.01,refunded
834,191,16,2025-02-02,eBay,1,17.01,completed
835,352,3,2025-12-27,Amazon,1,87.18,completed
836,104,6,2025-09-25,Website,5,78.01,refunded
837,33,2,2025-09-04,eBay,2,40.62,refunded
838,213,13,2025-10-13,Website,2,21.93,completed
839,252,2,2025-09-16,Offline Trade,2,40.62,refunded
840,486,15,2025-02-08,Offline Trade,2,64.05,completed
841,199,12,2025-06-19,eBay,2,71.75,completed
842,445,10,2025-04-25,Offline Trade,5,16.0,refunded
843,66,14,2025-02-10,Offline Trade,2,86.37,refunded
844,313,6,2025-08-18,Website,5,78.01,refunded
845,55,8,2025-06-11,Website,4,68.99,refunded
846,202,8,2025-02-22,Offline Trade,1,68.99,refunded
847,77,3,2025-10-13,Website,1,87.18,completed
848,435,2,2025-11-13,eBay,5,40.62,cancelled
849,351,16,2025-04-16,Offline Trade,5,17.01,completed
850,210,14,2025-01-28,Amazon,3,86.37,refunded
851,430,10,2025-10-14,Offline Trade,3,16.0,completed
852,151,11,2025-02-28,Website,4,42.45,completed
853,11,8,2025-06-24,eBay,1,68.99,completed
854,491,15,2025-09-25,eBay,5,64.05,completed
855,86,7,2025-03-26,Offline Trade,1,112.57,completed
856,123,7,2025-02-24,eBay,4,112.57,cancelled
857,429,2,2025-04-07,Website,2,40.62,refunded
858,180,7,2025-08-23,Amazon,2,112.57,completed
859,434,12,2025-08-01,Website,1,71.75,cancelled
860,412,13,2025-08-19,Offline Trade,1,21.93,cancelled
861,157,14,2025-03-10,Offline Trade,5,86.37,completed
862,226,6,2025-01-25,Offline Trade,5,78.01,cancelled
863,199,1,2025-09-18,Amazon,4,58.46,cancelled
864,106,13,2025-03-07,Website,2,21.93,refunded
865,368,15,2025-11-07,eBay,5,64.05,cancelled
866,131,7,2025-08-03,Amazon,4,112.57,completed
867,319,4,2025-06-25,eBay,4,58.85,refunded
868,15,2,2025-03-12,Offline Trade,2,40.62,cancelled
869,321,15,2025-06-03,eBay,5,64.05,cancelled
870,43,16,2025-04-13,Amazon,2,17.01,cancelled
871,97,6,2025-12-18,eBay,3,78.01,completed
872,233,6,2025-09-15,eBay,2,78.01,completed
873,296,14,2025-10-15,Offline Trade,3,86.37,cancelled
874,86,7,2025-12-08,Offline Trade,5,112.57,cancelled
875,242,5,2025-08-05,Website,3,111.48,cancelled
876,408,9,2025-01-13,Offline Trade,1,109.74,completed
877,65,9,2025-12-10,Website,1,109.74,completed
878,397,2,2025-03-24,eBay,3,40.62,completed
879,90,8,2025-02-01,eBay,2,68.99,completed
880,248,6,2025-01-17,eBay,5,78.01,refunded
881,41,5,2025-11-12,Amazon,1,111.48,cancelled
882,216,14,2025-05-02,eBay,4,86.37,completed
883,163,6,2025-07-18,Offline Trade,4,78.01,completed
884,254,2,2025-01-28,Website,5,40.62,completed
885,492,5,2025-11-14,Offline Trade,2,111.48,completed
886,293,13,2025-10-29,Amazon,3,21.93,completed
887,466,1,2025-08-18,Amazon,3,58.46,completed
888,173,16,2025-03-30,Website,2,17.01,refunded
889,125,6,2025-08-08,eBay,1,78.01,cancelled
890,434,3,2025-03-08,Amazon,3,87.18,cancelled
891,220,11,2025-01-03,eBay,3,42.45,refunded
892,261,5,2025-01-21,Amazon,2,111.48,completed
893,49,8,2025-01-27,eBay,5,68.99,refunded
894,343,15,2025-10-09,eBay,5,64.05,completed
895,200,7,2025-09-27,Amazon,3,112.57,completed
896,212,7,2025-02-04,Amazon,5,112.57,refunded
897,229,16,2025-10-02,Offline Trade,5,17.01,completed
898,276,7,2025-04-24,Amazon,3,112.57,completed
899,495,1,2025-07-04,eBay,3,58.46,completed
900,492,1,2025-09-29,Offline Trade,5,58.46,cancelled
901,456,8,2025-02-28,eBay,1,68.99,refunded
902,329,11,2025-11-25,Amazon,2,42.45,completed
903,465,13,2025-07-15,Website,3,21.93,refunded
904,252,12,2025-10-04,eBay,3,71.75,completed
905,56,5,2025-07-11,Offline Trade,5,111.48,refunded
906,346,10,2025-06-01,Amazon,1,16.0,completed
907,335,13,2025-02-12,Website,5,21.93,completed
908,199,6,2025-10-01,Website,5,78.01,completed
909,205,12,2025-12-10,Amazon,2,71.75,refunded
910,88,4,2025-04-16,Offline Trade,1,58.85,completed
911,12,10,2025-01-13,Offline Trade,2,16.0,completed
912,336,6,2025-02-14,Website,1,78.01,completed
913,461,12,2025-05-09,Website,2,71.75,cancelled
914,174,7,2025-05-13,Offline Trade,2,112.57,refunded
915,195,3,2025-11-19,Offline Trade,4,87.18,refunded
916,362,11,2025-01-09,Offline Trade,3,42.45,completed
917,410,4,2025-01-04,Website,5,58.85,cancelled
918,64,4,2025-12-25,Website,1,58.85,completed
919,143,3,2025-02-24,eBay,5,87.18,completed
920,69,16,2025-02-14,eBay,5,17.01,refunded
921,492,8,2025-07-22,Website,4,68.99,refunded
922,303,4,2025-10-01,Amazon,2,58.85,completed
923,148,4,2025-10-07,eBay,4,58.85,completed
924,316,7,2025-12-13,eBay,3,112.57,completed
925,99,12,2025-10-12,Amazon,5,71.75,completed
926,199,6,2025-01-03,Offline Trade,1,78.01,cancelled
927,35,7,2025-02-13,eBay,5,112.57,completed
928,106,9,2025-04-19,Offline Trade,3,109.74,cancelled
929,83,10,2025-03-24,Amazon,2,16.0,completed
930,426,3,2025-05-10,Amazon,5,87.18,completed
931,492,11,2025-12-10,Website,2,42.45,cancelled
932,395,15,2025-11-27,Website,4,64.05,completed
933,468,7,2025-05-09,Website,1,112.57,completed
934,440,12,2025-09-07,eBay,5,71.75,completed
935,263,7,2025-12-10,Amazon,2,112.57,completed
936,29,16,2025-11-14,Website,3,17.01,completed
937,269,2,2025-09-06,Offline Trade,3,40.62,completed
938,70,7,2025-12-04,eBay,5,112.57,cancelled
939,117,8,2025-10-17,eBay,2,68.99,completed
940,467,16,2025-03-28,Website,4,17.01,completed
941,275,16,2025-04-24,Offline Trade,2,17.01,completed
942,149,12,2025-03-10,eBay,3,71.75,refunded
943,191,8,2025-08-17,eBay,4,68.99,completed
944,220,6,2025-10-10,Website,4,78.01,completed
945,316,2,2025-02-11,eBay,5,40.62,completed
946,122,10,2025-04-11,eBay,5,16.0,completed
947,241,11,2025-01-10,Website,1,42.45,cancelled
948,404,2,2025-07-27,Amazon,5,40.62,completed
949,194,12,2025-05-14,Offline Trade,5,71.75,completed
950,104,7,2025-07-20,Amazon,3,112.57,cancelled
951,202,4,2025-03-10,Offline Trade,3,58.85,cancelled
952,26,15,2025-02-16,Offline Trade,5,64.05,completed
953,452,15,2025-01-06,Amazon,5,64.05,cancelled
954,245,13,2025-09-21,Amazon,2,21.93,refunded
955,37,1,2025-04-02,Amazon,2,58.46,refunded
956,411,4,2025-01-21,Amazon,3,58.85,refunded
957,160,8,2025-02-02,eBay,2,68.99,completed
958,460,1,2025-01-22,Amazon,2,58.46,cancelled
959,269,7,2025-07-18,Offline Trade,3,112.57,refunded
960,195,2,2025-01-21,eBay,1,40.62,completed
961,270,3,2025-11-21,eBay,5,87.18,completed
962,23,13,2025-10-06,Amazon,5,21.93,refunded
963,434,11,2025-07-07,Website,4,42.45,cancelled
964,95,4,2025-07-12,Amazon,3,58.85,cancelled
965,148,2,2025-06-30,eBay,4,40.62,refunded
966,86,5,2025-11-06,Website,4,111.48,cancelled
967,408,1,2025-08-14,Amazon,2,58.46,completed
968,177,15,2025-09-21,eBay,1,64.05,completed
969,491,2,2025-04-06,Amazon,2,40.62,completed
970,402,5,2025-03-02,Amazon,5,111.48,refunded
971,87,5,2025-02-28,Offline Trade,3,111.48,refunded
972,213,15,2025-04-18,Amazon,4,64.05,refunded
973,365,7,2025-05-05,Website,1,112.57,completed
974,278,9,2025-10-31,Amazon,5,109.74,completed
975,21,5,2025-01-21,Amazon,5,111.48,completed
976,321,6,2025-05-13,Amazon,2,78.01,cancelled
977,235,13,2025-11-03,Website,4,21.93,completed
978,277,4,2025-04-21,Offline Trade,1,58.85,cancelled
979,440,15,2025-09-04,Amazon,4,64.05,completed
980,133,14,2025-11-04,Amazon,4,86.37,cancelled
981,352,13,2025-11-16,eBay,2,21.93,completed
982,290,5,2025-08-21,Website,3,111.48,completed
983,214,11,2025-07-17,Amazon,4,42.45,completed
984,436,13,2025-04-14,Offline Trade,1,21.93,completed
985,438,2,2025-02-19,Amazon,5,40.62,refunded
986,26,13,2025-11-04,Website,5,21.93,cancelled
987,168,10,2025-03-02,Website,5,16.0,refunded
988,320,7,2025-11-05,Website,2,112.57,refunded
989,260,11,2025-08-04,eBay,5,42.45,completed
990,113,12,2025-08-08,Amazon,5,71.75,refunded
991,330,9,2025-06-29,Website,4,109.74,refunded
992,73,12,2025-05-11,Offline Trade,2,71.75,completed
993,2,8,2025-05-26,Offline Trade,1,68.99,completed
994,3,2,2025-01-03,Website,2,40.62,cancelled
995,32,7,2025-03-02,Website,5,112.57,refunded
996,6,4,2025-12-19,eBay,2,58.85,refunded
997,428,14,2025-02-24,Amazon,3,86.37,refunded
998,277,3,2025-05-10,eBay,5,87.18,cancelled
999,280,16,2025-10-17,eBay,4,17.01,cancelled
1000,163,9,2025-12-15,Offline Trade,3,109.74,completed
1001,373,15,2025-10-10,Offline Trade,4,64.05,completed
1002,225,1,2025-10-14,Offline Trade,3,58.46,completed
1003,279,7,2025-10-23,eBay,3,112.57,refunded
1004,477,12,2025-12-04,Website,2,71.75,completed
1005,442,4,2025-12-25,Amazon,4,58.85,completed
1006,25,12,2025-09-18,Offline Trade,2,71.75,completed
1007,115,2,2025-11-11,Website,5,40.62,completed
1008,212,1,2025-11-22,Website,4,58.46,completed
1009,164,5,2025-08-30,Offline Trade,2,111.48,completed
1010,444,9,2025-05-15,Amazon,1,109.74,completed
1011,82,16,2025-11-08,Website,1,17.01,refunded
1012,205,12,2025-11-11,eBay,4,71.75,cancelled
1013,371,11,2025-03-31,Offline Trade,1,42.45,refunded
1014,209,16,2025-04-14,eBay,1,17.01,completed
1015,416,10,2025-11-03,Amazon,1,16.0,cancelled
1016,425,3,2025-12-12,Website,2,87.18,completed
1017,126,6,2025-12-02,Website,2,78.01,completed
1018,341,11,2025-05-22,Offline Trade,1,42.45,completed
1019,417,6,2025-07-27,Amazon,4,78.01,cancelled
1020,301,7,2025-12-27,Website,1,112.57,completed
1021,41,3,2025-05-26,eBay,5,87.18,completed
1022,54,1,2025-04-26,Amazon,3,58.46,refunded
1023,322,11,2025-10-22,Website,4,42.45,completed
1024,285,7,2025-07-28,Website,2,112.57,cancelled
1025,57,1,2025-09-15,eBay,1,58.46,completed
1026,181,1,2025-09-20,eBay,1,58.46,cancelled
1027,51,9,2025-05-09,Offline Trade,5,109.74,refunded
1028,410,6,2025-09-05,Amazon,5,78.01,completed
1029,367,13,2025-12-15,Offline Trade,4,21.93,cancelled
1030,462,13,2025-09-04,Website,1,21.93,completed
1031,138,16,2025-07-15,Amazon,1,17.01,completed
1032,190,6,2025-07-31,eBay,3,78.01,cancelled
1033,398,14,2025-01-05,eBay,5,86.37,completed
1034,498,13,2025-02-17,Offline Trade,3,21.93,completed
1035,141,11,2025-10-11,Amazon,1,42.45,refunded
1036,71,12,2025-07-01,Amazon,3,71.75,cancelled
1037,433,8,2025-04-04,Amazon,3,68.99,refunded
1038,184,7,2025-05-01,Amazon,2,112.57,completed
1039,116,7,2025-04-28,Amazon,2,112.57,completed
1040,131,6,2025-07-02,Amazon,5,78.01,completed
1041,83,12,2025-02-10,Offline Trade,1,71.75,cancelled
1042,215,6,2025-10-05,Website,1,78.01,refunded
1043,335,3,2025-11-14,eBay,3,87.18,refunded
1044,342,12,2025-05-21,Offline Trade,5,71.75,completed
1045,264,11,2025-05-24,Offline Trade,5,42.45,completed
1046,449,14,2025-03-07,Website,5,86.37,cancelled
1047,241,16,2025-09-02,Website,4,17.01,cancelled
1048,61,1,2025-07-21,Amazon,3,58.46,refunded
1049,379,11,2025-12-24,Offline Trade,1,42.45,completed
1050,177,9,2025-01-07,Amazon,1,109.74,refunded
1051,477,6,2025-02-21,eBay,5,78.01,completed
1052,433,6,2025-05-13,Amazon,5,78.01,cancelled
1053,87,4,2025-05-02,eBay,3,58.85,refunded
1054,179,14,2025-06-25,eBay,5,86.37,completed
1055,72,5,2025-08-06,Amazon,4,111.48,refunded
1056,205,10,2025-07-06,Offline Trade,3,16.0,completed
1057,284,2,2025-04-03,Amazon,4,40.62,cancelled
1058,393,3,2025-02-21,eBay,2,87.18,completed
1059,338,4,2025-08-10,Offline Trade,5,58.85,completed
1060,142,2,2025-03-18,Offline Trade,2,40.62,completed
1061,461,2,2025-08-04,Offline Trade,2,40.62,completed
1062,346,2,2025-10-01,eBay,5,40.62,refunded
1063,159,14,2025-05-09,Website,3,86.37,refunded
1064,61,12,2025-12-20,Amazon,1,71.75,completed
1065,151,5,2025-05-11,Offline Trade,2,111.48,completed
1066,295,15,2025-06-21,eBay,4,64.05,completed
1067,139,14,2025-10-14,eBay,3,86.37,completed
1068,201,13,2025-07-30,Website,1,21.93,completed
1069,363,9,2025-04-12,Amazon,5,109.74,completed
1070,450,3,2025-06-16,Offline Trade,3,87.18,refunded
1071,248,6,2025-07-15,eBay,1,78.01,refunded
1072,465,10,2025-03-27,eBay,2,16.0,refunded
1073,209,9,2025-10-20,Offline Trade,5,109.74,completed
1074,475,12,2025-03-24,eBay,1,71.75,completed
1075,440,12,2025-06-12,eBay,3,71.75,completed
1076,363,2,2025-11-27,Offline Trade,5,40.62,completed
1077,128,9,2025-07-05,Offline Trade,4,109.74,refunded
1078,70,15,2025-04-05,Website,2,64.05,completed
1079,145,7,2025-12-05,eBay,2,112.57,completed
1080,242,13,2025-03-27,Offline Trade,2,21.93,completed
1081,395,12,2025-02-02,Offline Trade,1,71.75,cancelled
1082,119,4,2025-01-14,Offline Trade,1,58.85,cancelled
1083,89,16,2025-02-23,eBay,1,17.01,cancelled
1084,196,10,2025-02-13,Offline Trade,2,16.0,completed
1085,37,1,2025-05-07,eBay,2,58.46,refunded
1086,165,5,2025-03-09,Amazon,2,111.48,completed
1087,366,15,2025-12-06,eBay,1,64.05,completed
1088,479,15,2025-08-28,eBay,4,64.05,cancelled
1089,174,2,2025-03-11,Amazon,4,40.62,cancelled
1090,270,1,2025-08-22,Offline Trade,5,58.46,cancelled
1091,31,9,2025-06-08,eBay,5,109.74,refunded
1092,79,13,2025-04-27,Website,5,21.93,refunded
1093,267,2,2025-07-07,Offline Trade,3,40.62,completed
1094,79,5,2025-06-05,Website,2,111.48,completed
1095,44,13,2025-03-11,eBay,5,21.93,completed
1096,81,15,2025-10-01,Website,4,64.05,refunded
1097,53,2,2025-06-03,Website,4,40.62,refunded
1098,139,13,2025-11-02,Amazon,3,21.93,completed
1099,296,13,2025-07-11,Amazon,5,21.93,refunded
1100,454,12,2025-08-12,Offline Trade,5,71.75,completed
1101,215,5,2025-11-27,Offline Trade,2,111.48,refunded
1102,100,12,2025-05-15,Website,2,71.75,refunded
1103,103,3,2025-09-22,eBay,2,87.18,completed
1104,243,3,2025-05-18,Offline Trade,5,87.18,completed
1105,232,10,2025-04-04,Amazon,1,16.0,completed
1106,190,11,2025-11-23,Offline Trade,1,42.45,cancelled
1107,230,6,2025-05-20,Offline Trade,4,78.01,completed
1108,411,9,2025-01-10,Amazon,3,109.74,completed
1109,293,11,2025-01-12,Amazon,5,42.45,completed
1110,100,3,2025-05-18,Amazon,3,87.18,refunded
1111,81,3,2025-04-30,Website,1,87.18,completed
1112,142,15,2025-09-10,Amazon,1,64.05,completed
1113,452,10,2025-06-09,Offline Trade,4,16.0,completed
1114,310,4,2025-12-23,Website,4,58.85,completed
1115,448,7,2025-03-16,Website,1,112.57,completed
1116,275,16,2025-02-06,Offline Trade,4,17.01,completed
1117,220,7,2025-05-09,Offline Trade,2,112.57,completed
1118,308,7,2025-05-08,Offline Trade,1,112.57,refunded
1119,429,9,2025-01-18,Amazon,2,109.74,refunded
1120,30,5,2025-09-24,Amazon,1,111.48,refunded
1121,27,2,2025-12-15,eBay,4,40.62,completed
1122,394,8,2025-11-19,Website,2,68.99,cancelled
1123,19,6,2025-03-04,eBay,5,78.01,refunded
1124,360,7,2025-04-12,eBay,3,112.57,completed
1125,280,15,2025-02-27,Amazon,2,64.05,refunded
1126,40,12,2025-01-08,Amazon,3,71.75,completed
1127,157,13,2025-03-03,Offline Trade,5,21.93,completed
1128,449,1,2025-01-22,Offline Trade,1,58.46,cancelled
1129,500,11,2025-07-10,Website,2,42.45,completed
1130,489,2,2025-09-13,Website,2,40.62,cancelled
1131,240,6,2025-11-17,Website,3,78.01,completed
1132,353,11,2025-11-27,Amazon,3,42.45,cancelled
1133,417,16,2025-03-06,Offline Trade,1,17.01,completed
1134,133,9,2025-10-13,eBay,3,109.74,refunded
1135,473,15,2025-01-11,Offline Trade,2,64.05,completed
1136,299,10,2025-05-09,Website,2,16.0,refunded
1137,18,9,2025-10-14,eBay,4,109.74,cancelled
1138,402,10,2025-04-08,Amazon,4,16.0,cancelled
1139,115,4,2025-06-15,Offline Trade,3,58.85,completed
1140,257,3,2025-10-11,Amazon,5,87.18,completed
1141,419,14,2025-03-21,Offline Trade,5,86.37,completed
1142,402,4,2025-10-05,eBay,3,58.85,refunded
1143,274,3,2025-11-23,Offline Trade,1,87.18,completed
1144,12,2,2025-11-14,eBay,1,40.62,cancelled
1145,451,12,2025-06-14,Website,2,71.75,cancelled
1146,442,8,2025-04-08,Offline Trade,4,68.99,cancelled
1147,270,2,2025-11-10,eBay,2,40.62,completed
1148,264,1,2025-11-25,eBay,4,58.46,completed
1149,151,8,2025-09-25,Website,1,68.99,completed
1150,163,16,2025-04-02,Website,2,17.01,completed
1151,319,10,2025-09-06,Amazon,1,16.0,completed
1152,497,15,2025-10-20,Offline Trade,1,64.05,refunded
1153,310,7,2025-11-16,eBay,5,112.57,completed
1154,220,5,2025-04-24,Website,3,111.48,completed
1155,327,13,2025-12-02,Offline Trade,2,21.93,completed
1156,347,7,2025-11-24,Website,4,112.57,completed
1157,22,6,2025-08-01,eBay,5,78.01,completed
1158,272,12,2025-05-17,Website,5,71.75,completed
1159,462,14,2025-02-09,Amazon,3,86.37,cancelled
1160,256,2,2025-02-21,Amazon,1,40.62,cancelled
1161,497,16,2025-04-08,Amazon,4,17.01,cancelled
1162,90,6,2025-10-19,Amazon,2,78.01,cancelled
1163,481,12,2025-08-01,Website,5,71.75,cancelled
1164,264,12,2025-12-12,Offline Trade,3,71.75,refunded
1165,109,12,2025-03-27,Amazon,1,71.75,cancelled
1166,217,3,2025-09-16,eBay,4,87.18,completed
1167,454,11,2025-11-04,Offline Trade,5,42.45,completed
1168,154,2,2025-10-09,eBay,3,40.62,completed
1169,129,5,2025-11-21,Offline Trade,4,111.48,completed
1170,250,14,2025-05-04,Amazon,5,86.37,refunded
1171,195,3,2025-05-11,eBay,5,87.18,refunded
1172,420,11,2025-07-23,Website,4,42.45,completed
1173,337,13,2025-11-02,Website,3,21.93,cancelled
1174,24,2,2025-06-04,Website,2,40.62,completed
1175,393,16,2025-04-20,eBay,2,17.01,completed
1176,74,3,2025-10-11,Amazon,3,87.18,completed
1177,286,3,2025-08-24,eBay,1,87.18,completed
1178,286,11,2025-05-16,eBay,2,42.45,cancelled
1179,129,16,2025-04-30,eBay,2,17.01,completed
1180,108,16,2025-10-20,Offline Trade,1,17.01,cancelled
1181,179,15,2025-02-09,eBay,2,64.05,refunded
1182,438,4,2025-09-07,Website,2,58.85,cancelled
1183,344,2,2025-01-20,Offline Trade,3,40.62,completed
1184,326,14,2025-06-21,eBay,1,86.37,refunded
1185,43,9,2025-03-03,Amazon,4,109.74,cancelled
1186,47,6,2025-11-21,Offline Trade,1,78.01,completed
1187,488,13,2025-09-26,Website,3,21.93,completed
1188,229,2,2025-10-17,Amazon,5,40.62,completed
1189,386,15,2025-12-24,Amazon,5,64.05,completed
1190,238,2,2025-12-11,Offline Trade,1,40.62,refunded
1191,112,9,2025-10-22,Website,5,109.74,completed
1192,245,7,2025-05-29,Offline Trade,4,112.57,completed
1193,153,13,2025-06-22,Website,2,21.93,refunded
1194,64,8,2025-01-26,Offline Trade,5,68.99,completed
1195,413,11,2025-07-24,Offline Trade,1,42.45,completed
1196,217,4,2025-09-04,Amazon,2,58.85,refunded
1197,240,3,2025-11-30,Amazon,4,87.18,cancelled
1198,251,16,2025-09-26,Amazon,5,17.01,completed
1199,107,10,2025-05-17,Offline Trade,1,16.0,completed
1200,115,12,2025-02-15,Website,5,71.75,refunded
1201,297,5,2025-07-07,eBay,4,111.48,completed
1202,40,5,2025-06-26,Website,3,111.48,completed
1203,120,2,2025-06-29,Offline Trade,2,40.62,cancelled
1204,283,1,2025-08-14,Website,2,58.46,completed
1205,355,12,2025-12-17,eBay,2,71.75,completed
1206,329,6,2025-02-27,Website,1,78.01,completed
1207,39,8,2025-03-17,eBay,5,68.99,completed
1208,283,11,2025-12-22,Website,3,42.45,completed
1209,180,4,2025-08-30,Website,4,58.85,completed
1210,199,12,2025-10-03,Amazon,2,71.75,completed
1211,208,13,2025-09-25,eBay,5,21.93,cancelled
1212,11,8,2025-11-15,Amazon,4,68.99,completed
1213,339,7,2025-10-26,Website,4,112.57,completed
1214,180,5,2025-01-31,eBay,2,111.48,completed
1215,372,1,2025-05-19,Website,5,58.46,refunded
1216,162,7,2025-02-04,Offline Trade,1,112.57,completed
1217,418,2,2025-02-25,Website,3,40.62,completed
1218,208,4,2025-04-29,Offline Trade,4,58.85,cancelled
1219,446,12,2025-06-11,Offline Trade,1,71.75,cancelled
1220,372,5,2025-02-15,Amazon,5,111.48,completed
1221,468,1,2025-08-23,Website,5,58.46,completed
1222,296,9,2025-09-29,eBay,2,109.74,completed
1223,165,7,2025-07-21,Amazon,4,112.57,completed
1224,379,11,2025-12-17,eBay,3,42.45,completed
1225,39,1,2025-05-01,eBay,3,58.46,completed
1226,304,15,2025-07-18,Website,3,64.05,cancelled
1227,393,10,2025-04-26,Amazon,3,16.0,completed
1228,164,9,2025-12-03,Amazon,4,109.74,completed
1229,222,12,2025-09-24,Amazon,4,71.75,refunded
1230,285,16,2025-10-21,Amazon,2,17.01,refunded
1231,239,8,2025-11-06,eBay,3,68.99,refunded
1232,212,9,2025-03-09,Amazon,5,109.74,completed
1233,298,2,2025-10-05,Amazon,5,40.62,completed
1234,119,6,2025-12-19,Amazon,3,78.01,refunded
1235,337,13,2025-12-02,Amazon,2,21.93,completed
1236,53,2,2025-10-13,Website,1,40.62,completed
1237,460,8,2025-03-16,Website,3,68.99,completed
1238,22,11,2025-07-30,eBay,4,42.45,refunded
1239,45,6,2025-03-19,Amazon,3,78.01,completed
1240,468,9,2025-04-05,Website,2,109.74,cancelled
1241,165,10,2025-05-17,Amazon,5,16.0,cancelled
1242,464,3,2025-04-29,Website,2,87.18,completed
1243,458,13,2025-12-19,Offline Trade,1,21.93,completed
1244,228,4,2025-11-06,Offline Trade,5,58.85,completed
1245,421,5,2025-07-18,Offline Trade,2,111.48,refunded
1246,75,15,2025-03-25,Amazon,2,64.05,completed
1247,126,16,2025-07-29,Website,1,17.01,completed
1248,14,2,2025-04-24,Amazon,4,40.62,completed
1249,143,9,2025-04-01,Offline Trade,1,109.74,cancelled
1250,67,7,2025-12-19,eBay,4,112.57,refunded
1251,79,11,2025-08-07,Offline Trade,2,42.45,completed
1252,416,5,2025-07-14,eBay,5,111.48,refunded
1253,305,5,2025-10-20,Website,5,111.48,cancelled
1254,17,15,2025-08-20,Offline Trade,1,64.05,completed
1255,270,13,2025-09-23,Offline Trade,2,21.93,completed
1256,369,11,2025-07-18,Website,5,42.45,completed
1257,287,12,2025-08-14,Offline Trade,3,71.75,completed
1258,203,9,2025-08-25,Amazon,3,109.74,refunded
1259,248,4,2025-11-10,Website,3,58.85,cancelled
1260,357,1,2025-08-26,Offline Trade,2,58.46,completed
1261,302,8,2025-02-27,Amazon,5,68.99,cancelled
1262,278,16,2025-03-11,Offline Trade,5,17.01,refunded
1263,427,6,2025-08-19,Website,3,78.01,completed
1264,133,8,2025-10-30,Amazon,4,68.99,refunded
1265,293,8,2025-05-09,eBay,1,68.99,completed
1266,449,14,2025-02-16,Website,1,86.37,refunded
1267,145,1,2025-02-13,Offline Trade,3,58.46,cancelled
1268,221,11,2025-03-23,Offline Trade,5,42.45,cancelled
1269,488,15,2025-01-23,Amazon,4,64.05,completed
1270,107,2,2025-12-04,Amazon,5,40.62,completed
1271,207,8,2025-04-02,Website,2,68.99,refunded
1272,178,10,2025-06-08,Offline Trade,3,16.0,completed
1273,320,7,2025-03-02,Amazon,2,112.57,completed
1274,174,15,2025-11-15,eBay,1,64.05,completed
1275,38,1,2025-09-12,Offline Trade,4,58.46,cancelled
1276,218,1,2025-11-08,Offline Trade,1,58.46,completed
1277,403,1,2025-10-29,Offline Trade,2,58.46,refunded
1278,274,6,2025-08-15,Website,4,78.01,cancelled
1279,324,9,2025-01-04,Amazon,5,109.74,cancelled
1280,97,16,2025-11-14,Amazon,3,17.01,completed
1281,225,9,2025-03-17,Website,2,109.74,completed
1282,183,15,2025-03-16,Website,1,64.05,cancelled
1283,416,3,2025-06-02,eBay,5,87.18,completed
1284,331,9,2025-02-25,Offline Trade,1,109.74,completed
1285,188,5,2025-12-11,eBay,2,111.48,cancelled
1286,426,16,2025-10-21,Amazon,5,17.01,refunded
1287,313,5,2025-07-04,Website,5,111.48,completed
1288,221,7,2025-06-15,eBay,3,112.57,refunded
1289,118,12,2025-08-07,Website,1,71.75,completed
1290,163,4,2025-03-10,Website,4,58.85,completed
1291,377,7,2025-09-27,Offline Trade,3,112.57,cancelled
1292,116,12,2025-12-23,Amazon,2,71.75,cancelled
1293,363,15,2025-02-25,Website,1,64.05,refunded
1294,86,14,2025-12-28,eBay,5,86.37,refunded
1295,399,7,2025-06-12,eBay,5,112.57,cancelled
1296,420,6,2025-11-16,eBay,5,78.01,completed
1297,171,10,2025-10-16,Offline Trade,5,16.0,cancelled
1298,149,6,2025-09-10,Amazon,4,78.01,cancelled
1299,405,15,2025-12-29,eBay,2,64.05,completed
1300,269,9,2025-03-02,Website,1,109.74,refunded
1301,307,13,2025-04-17,Offline Trade,1,21.93,refunded
1302,215,4,2025-06-20,eBay,1,58.85,cancelled
1303,83,6,2025-01-06,Amazon,2,78.01,completed
1304,279,10,2025-02-04,eBay,3,16.0,completed
1305,144,11,2025-10-09,eBay,5,42.45,completed
1306,371,14,2025-12-18,eBay,1,86.37,completed
1307,49,12,2025-10-19,Website,4,71.75,completed
1308,497,2,2025-06-19,eBay,2,40.62,refunded
1309,57,15,2025-01-19,Amazon,4,64.05,refunded
1310,29,2,2025-11-18,Offline Trade,2,40.62,cancelled
1311,154,13,2025-08-25,Offline Trade,3,21.93,completed
1312,101,7,2025-06-03,eBay,5,112.57,cancelled
1313,360,7,2025-01-10,Amazon,5,112.57,cancelled
1314,133,11,2025-07-01,Website,3,42.45,completed
1315,7,4,2025-01-16,eBay,3,58.85,refunded
1316,327,8,2025-03-26,Offline Trade,5,68.99,completed
1317,54,16,2025-03-01,eBay,5,17.01,completed
1318,176,12,2025-05-20,Offline Trade,1,71.75,completed
1319,362,7,2025-05-02,eBay,4,112.57,refunded
1320,316,6,2025-04-21,eBay,3,78.01,completed
1321,366,2,2025-07-11,Website,1,40.62,completed
1322,398,7,2025-08-16,Website,1,112.57,refunded
1323,11,8,2025-03-20,Amazon,5,68.99,completed
1324,239,9,2025-09-26,eBay,4,109.74,completed
1325,371,11,2025-02-20,Amazon,2,42.45,completed
1326,407,14,2025-08-24,Offline Trade,1,86.37,cancelled
1327,292,13,2025-01-03,eBay,1,21.93,completed
1328,484,3,2025-02-14,eBay,5,87.18,refunded
1329,474,13,2025-02-22,eBay,1,21.93,completed
1330,300,14,2025-06-09,Amazon,5,86.37,completed
1331,164,10,2025-04-09,eBay,2,16.0,completed
1332,491,7,2025-06-13,Offline Trade,5,112.57,completed
1333,98,6,2025-03-18,Amazon,3,78.01,completed
1334,95,16,2025-01-08,Website,1,17.01,completed
1335,173,11,2025-06-29,eBay,5,42.45,completed
1336,253,13,2025-12-27,eBay,2,21.93,cancelled
1337,496,12,2025-03-29,Website,2,71.75,completed
1338,325,16,2025-06-23,Offline Trade,5,17.01,completed
1339,370,3,2025-01-15,Offline Trade,2,87.18,completed
1340,358,9,2025-07-16,Website,1,109.74,completed
1341,213,7,2025-07-20,Amazon,4,112.57,cancelled
1342,254,2,2025-11-19,Offline Trade,5,40.62,cancelled
1343,479,14,2025-06-09,eBay,3,86.37,completed
1344,112,16,2025-02-10,Offline Trade,5,17.01,cancelled
1345,61,6,2025-02-17,Offline Trade,2,78.01,completed
1346,117,13,2025-06-08,Offline Trade,4,21.93,refunded
1347,461,1,2025-04-25,Amazon,2,58.46,cancelled
1348,384,15,2025-07-06,Offline Trade,3,64.05,completed
1349,80,15,2025-06-16,Offline Trade,3,64.05,refunded
1350,17,15,2025-02-03,Offline Trade,1,64.05,completed
1351,123,7,2025-09-03,Offline Trade,3,112.57,completed
1352,399,6,2025-06-28,Amazon,3,78.01,cancelled
1353,441,16,2025-07-27,Website,1,17.01,completed
1354,367,8,2025-11-29,Website,5,68.99,completed
1355,205,15,2025-08-25,Offline Trade,5,64.05,cancelled
1356,22,4,2025-05-03,Amazon,4,58.85,cancelled
1357,380,7,2025-09-04,Offline Trade,2,112.57,completed
1358,187,8,2025-04-17,Offline Trade,3,68.99,refunded
1359,30,3,2025-06-25,Amazon,5,87.18,completed
1360,269,5,2025-12-31,Offline Trade,1,111.48,completed
1361,3,7,2025-11-02,Offline Trade,5,112.57,completed
1362,57,2,2025-02-19,Offline Trade,5,40.62,completed
1363,329,12,2025-07-27,Website,3,71.75,cancelled
1364,221,16,2025-12-17,Offline Trade,1,17.01,completed
1365,49,8,2025-11-27,Website,4,68.99,completed
1366,297,2,2025-03-13,Website,2,40.62,completed
1367,301,15,2025-08-20,eBay,2,64.05,refunded
1368,295,9,2025-10-23,Offline Trade,5,109.74,completed
1369,269,7,2025-12-15,eBay,2,112.57,completed
1370,199,13,2025-12-14,eBay,5,21.93,refunded
1371,209,3,2025-02-15,Website,3,87.18,cancelled
1372,62,4,2025-07-26,Amazon,5,58.85,completed
1373,68,2,2025-07-09,Website,1,40.62,completed
1374,144,4,2025-07-03,Website,5,58.85,completed
1375,90,7,2025-05-01,Offline Trade,1,112.57,cancelled
1376,68,13,2025-11-17,eBay,4,21.93,refunded
1377,235,14,2025-07-15,Offline Trade,4,86.37,cancelled
1378,173,10,2025-12-06,Amazon,2,16.0,refunded
1379,252,6,2025-04-07,Offline Trade,2,78.01,completed
1380,400,14,2025-03-20,eBay,4,86.37,completed
1381,439,6,2025-01-06,Website,2,78.01,completed
1382,323,13,2025-09-07,Offline Trade,2,21.93,completed
1383,140,9,2025-03-12,Offline Trade,1,109.74,refunded
1384,450,5,2025-08-06,Amazon,5,111.48,refunded
1385,140,16,2025-08-06,Offline Trade,5,17.01,refunded
1386,394,14,2025-04-26,Amazon,3,86.37,refunded
1387,388,6,2025-01-04,Offline Trade,5,78.01,completed
1388,74,15,2025-05-18,Offline Trade,5,64.05,cancelled
1389,128,7,2025-07-07,Website,5,112.57,completed
1390,359,11,2025-09-05,eBay,5,42.45,completed
1391,176,6,2025-09-04,Website,5,78.01,completed
1392,344,13,2025-05-24,Offline Trade,5,21.93,cancelled
1393,298,11,2025-09-25,Website,1,42.45,completed
1394,304,13,2025-11-19,Website,4,21.93,cancelled
1395,275,14,2025-06-09,Website,5,86.37,completed
1396,350,14,2025-01-06,Offline Trade,5,86.37,refunded
1397,362,12,2025-08-29,eBay,5,71.75,refunded
1398,51,12,2025-05-31,eBay,3,71.75,completed
1399,461,12,2025-12-22,eBay,1,71.75,cancelled
1400,290,9,2025-02-01,Offline Trade,3,109.74,cancelled
1401,319,13,2025-10-21,Website,2,21.93,completed
1402,106,3,2025-01-14,eBay,5,87.18,refunded
1403,56,8,2025-03-06,Website,1,68.99,completed
1404,382,15,2025-03-09,eBay,3,64.05,completed
1405,48,9,2025-01-08,Website,3,109.74,cancelled
1406,161,11,2025-10-30,Amazon,2,42.45,refunded
1407,34,15,2025-03-31,eBay,3,64.05,completed
1408,57,9,2025-04-03,Website,4,109.74,completed
1409,314,3,2025-03-16,Amazon,1,87.18,refunded
1410,342,13,2025-07-16,Amazon,4,21.93,refunded
1411,118,6,2025-04-18,eBay,2,78.01,completed
1412,109,12,2025-03-01,Website,3,71.75,completed
1413,500,11,2025-07-24,Offline Trade,4,42.45,completed
1414,331,11,2025-09-30,Amazon,4,42.45,refunded
1415,427,12,2025-08-31,eBay,4,71.75,completed
1416,455,4,2025-08-11,Website,5,58.85,completed
1417,340,14,2025-07-15,eBay,4,86.37,cancelled
1418,53,7,2025-02-19,eBay,1,112.57,refunded
1419,335,12,2025-11-30,eBay,5,71.75,completed
1420,423,7,2025-05-17,Website,3,112.57,completed
1421,139,11,2025-07-20,Offline Trade,5,42.45,completed
1422,374,11,2025-04-10,eBay,5,42.45,completed
1423,447,8,2025-10-08,Website,3,68.99,completed
1424,147,9,2025-01-07,Offline Trade,1,109.74,completed
1425,469,13,2025-02-23,Offline Trade,5,21.93,completed
1426,198,16,2025-05-26,eBay,2,17.01,completed
1427,333,14,2025-01-13,Website,1,86.37,completed
1428,24,3,2025-12-03,Amazon,5,87.18,cancelled
1429,408,8,2025-12-29,Website,1,68.99,completed
1430,395,12,2025-03-08,Offline Trade,5,71.75,cancelled
1431,288,15,2025-02-26,Amazon,2,64.05,completed
1432,116,12,2025-08-28,Website,3,71.75,refunded
1433,98,14,2025-08-07,eBay,3,86.37,completed
1434,44,13,2025-02-07,eBay,2,21.93,completed
1435,182,16,2025-07-18,eBay,4,17.01,completed
1436,434,5,2025-05-16,Amazon,3,111.48,refunded
1437,180,13,2025-09-09,Amazon,1,21.93,cancelled
1438,146,1,2025-04-02,Offline Trade,4,58.46,completed
1439,286,9,2025-10-04,Offline Trade,2,109.74,completed
1440,182,14,2025-11-26,Website,5,86.37,refunded
1441,15,9,2025-02-22,Website,3,109.74,completed
1442,115,5,2025-10-20,eBay,1,111.48,refunded
1443,198,6,2025-09-12,Amazon,1,78.01,completed
1444,500,1,2025-12-07,Offline Trade,1,58.46,completed
1445,252,12,2025-12-25,eBay,2,71.75,refunded
1446,178,3,2025-01-02,Offline Trade,5,87.18,refunded
1447,149,14,2025-07-26,Website,4,86.37,cancelled
1448,15,2,2025-01-02,Offline Trade,2,40.62,refunded
1449,284,1,2025-10-18,eBay,1,58.46,completed
1450,228,7,2025-07-25,Website,3,112.57,completed
1451,206,8,2025-10-01,eBay,3,68.99,completed
1452,207,6,2025-05-29,Amazon,4,78.01,completed
1453,171,1,2025-01-21,Offline Trade,5,58.46,completed
1454,192,11,2025-12-23,Offline Trade,3,42.45,completed
1455,271,9,2025-09-07,Website,3,109.74,refunded
1456,120,1,2025-03-13,Website,2,58.46,completed
1457,302,4,2025-10-31,Amazon,1,58.85,refunded
1458,462,1,2025-02-02,eBay,4,58.46,refunded
1459,154,11,2025-08-19,Website,5,42.45,completed
1460,77,4,2025-01-29,eBay,3,58.85,completed
1461,433,6,2025-03-02,Amazon,4,78.01,cancelled
1462,53,3,2025-12-14,Amazon,4,87.18,cancelled
1463,410,3,2025-02-06,Website,2,87.18,completed
1464,54,1,2025-12-01,Website,4,58.46,refunded
1465,329,1,2025-01-24,Amazon,5,58.46,completed
1466,348,10,2025-03-30,Website,1,16.0,completed
1467,291,13,2025-08-22,Amazon,1,21.93,cancelled
1468,373,5,2025-02-24,Website,1,111.48,refunded
1469,441,15,2025-11-12,Amazon,5,64.05,completed
1470,233,14,2025-08-07,eBay,2,86.37,refunded
1471,223,5,2025-03-03,Amazon,3,111.48,completed
1472,402,5,2025-01-24,Amazon,2,111.48,completed
1473,68,11,2025-03-03,eBay,1,42.45,completed
1474,369,7,2025-03-28,eBay,4,112.57,cancelled
1475,436,15,2025-08-13,Amazon,2,64.05,cancelled
1476,341,3,2025-03-10,Website,1,87.18,cancelled
1477,177,4,2025-03-22,Website,4,58.85,refunded
1478,120,4,2025-01-04,Website,1,58.85,completed
1479,498,10,2025-12-28,eBay,1,16.0,refunded
1480,368,9,2025-12-21,Amazon,4,109.74,completed
1481,311,9,2025-11-24,eBay,2,109.74,cancelled
1482,421,8,2025-07-30,Amazon,4,68.99,completed
1483,49,4,2025-12-21,Website,5,58.85,cancelled
1484,437,16,2025-09-13,Website,2,17.01,completed
1485,165,12,2025-08-03,Website,3,71.75,cancelled
1486,389,4,2025-04-09,Website,2,58.85,cancelled
1487,399,7,2025-11-13,eBay,1,112.57,cancelled
1488,402,13,2025-04-23,Offline Trade,5,21.93,completed
1489,316,7,2025-01-28,Amazon,3,112.57,completed
1490,119,2,2025-12-17,Offline Trade,2,40.62,refunded
1491,323,10,2025-03-23,Website,2,16.0,completed
1492,198,12,2025-05-26,Amazon,3,71.75,refunded
1493,104,10,2025-06-21,Offline Trade,3,16.0,completed
1494,240,12,2025-01-27,Amazon,1,71.75,completed
1495,456,4,2025-09-06,Website,1,58.85,completed
1496,379,14,2025-08-16,eBay,2,86.37,refunded
1497,96,4,2025-12-13,eBay,2,58.85,completed
1498,188,4,2025-06-16,Amazon,1,58.85,completed
1499,357,7,2025-07-31,Amazon,2,112.57,refunded
1500,246,3,2025-02-07,Offline Trade,2,87.18,cancelled
1501,193,11,2025-01-28,Offline Trade,4,42.45,completed
1502,267,1,2025-11-09,Offline Trade,2,58.46,completed
1503,424,16,2025-07-11,Amazon,4,17.01,refunded
1504,29,16,2025-11-20,eBay,2,17.01,completed
1505,440,14,2025-06-21,Amazon,2,86.37,completed
1506,31,2,2025-01-31,eBay,5,40.62,completed
1507,192,15,2025-08-27,Offline Trade,1,64.05,refunded
1508,373,5,2025-06-25,Amazon,2,111.48,completed
1509,413,10,2025-03-22,Amazon,5,16.0,cancelled
1510,84,16,2025-04-28,Website,5,17.01,refunded
1511,225,1,2025-09-08,Amazon,5,58.46,cancelled
1512,84,12,2025-08-25,eBay,4,71.75,completed
1513,15,16,2025-05-07,Amazon,4,17.01,completed
1514,248,13,2025-10-24,Amazon,4,21.93,cancelled
1515,243,8,2025-10-21,Website,2,68.99,refunded
1516,318,6,2025-01-21,Offline Trade,1,78.01,cancelled
1517,224,4,2025-08-06,Offline Trade,1,58.85,refunded
1518,449,2,2025-08-20,Offline Trade,1,40.62,completed
1519,422,15,2025-10-13,Website,1,64.05,refunded
1520,220,7,2025-03-09,eBay,2,112.57,completed
1521,320,3,2025-11-28,Website,2,87.18,completed
1522,489,16,2025-12-09,eBay,4,17.01,completed
1523,388,16,2025-10-20,Website,4,17.01,refunded
1524,115,16,2025-03-12,Offline Trade,4,17.01,completed
1525,100,8,2025-11-17,Offline Trade,3,68.99,completed
1526,466,4,2025-07-17,eBay,1,58.85,cancelled
1527,421,3,2025-06-01,Offline Trade,1,87.18,completed
1528,37,4,2025-10-05,Amazon,5,58.85,completed
1529,236,16,2025-06-21,Website,5,17.01,cancelled
1530,329,9,2025-01-27,Website,3,109.74,refunded
1531,176,3,2025-08-27,Website,3,87.18,completed
1532,231,5,2025-03-31,Website,3,111.48,cancelled
1533,250,14,2025-03-12,eBay,2,86.37,completed
1534,218,11,2025-02-28,Offline Trade,5,42.45,cancelled
1535,462,9,2025-04-26,eBay,2,109.74,completed
1536,320,8,2025-09-15,Offline Trade,3,68.99,completed
1537,305,12,2025-02-02,eBay,1,71.75,completed
1538,151,12,2025-09-06,Website,4,71.75,refunded
1539,58,16,2025-12-14,eBay,5,17.01,refunded
1540,222,14,2025-07-08,Website,5,86.37,completed
1541,444,6,2025-02-14,Website,4,78.01,refunded
1542,299,11,2025-05-28,Website,2,42.45,completed
1543,351,9,2025-05-22,Website,2,109.74,completed
1544,423,6,2025-03-19,Amazon,4,78.01,cancelled
1545,207,16,2025-05-31,Offline Trade,1,17.01,cancelled
1546,392,11,2025-08-31,eBay,2,42.45,refunded
1547,414,9,2025-11-27,Website,4,109.74,completed
1548,283,1,2025-02-02,Website,2,58.46,completed
1549,324,10,2025-11-27,eBay,5,16.0,refunded
1550,400,15,2025-06-25,eBay,5,64.05,refunded
1551,472,13,2025-12-07,Offline Trade,5,21.93,refunded
1552,347,14,2025-10-18,Amazon,3,86.37,completed
1553,316,12,2025-05-14,Amazon,2,71.75,refunded
1554,265,1,2025-05-28,Website,3,58.46,completed
1555,79,4,2025-05-26,Offline Trade,3,58.85,completed
1556,131,3,2025-03-24,eBay,5,87.18,completed
1557,366,5,2025-12-29,Amazon,2,111.48,completed
1558,135,8,2025-03-01,Website,2,68.99,completed
1559,349,5,2025-03-06,Offline Trade,5,111.48,completed
1560,304,2,2025-04-05,Amazon,3,40.62,cancelled
1561,437,14,2025-12-07,eBay,1,86.37,completed
1562,406,13,2025-07-10,Offline Trade,2,21.93,cancelled
1563,262,14,2025-10-01,eBay,2,86.37,completed
1564,136,1,2025-07-27,Offline Trade,1,58.46,completed
1565,297,3,2025-06-13,Amazon,4,87.18,completed
1566,337,14,2025-09-17,eBay,5,86.37,completed
1567,249,11,2025-05-29,Amazon,4,42.45,cancelled
1568,455,3,2025-06-23,Website,4,87.18,refunded
1569,125,7,2025-03-13,Website,1,112.57,completed
1570,421,8,2025-07-25,Amazon,1,68.99,refunded
1571,119,1,2025-02-17,eBay,3,58.46,completed
1572,370,3,2025-11-25,Amazon,5,87.18,cancelled
1573,255,3,2025-04-24,eBay,5,87.18,completed
1574,147,1,2025-02-12,Offline Trade,1,58.46,completed
1575,104,14,2025-07-21,Amazon,5,86.37,refunded
1576,335,2,2025-11-05,Website,3,40.62,completed
1577,296,14,2025-03-17,Offline Trade,4,86.37,completed
1578,417,14,2025-07-10,Website,4,86.37,completed
1579,486,9,2025-06-29,eBay,3,109.74,refunded
1580,166,10,2025-02-14,Amazon,5,16.0,refunded
1581,13,5,2025-08-15,eBay,4,111.48,completed
1582,17,2,2025-08-01,Amazon,4,40.62,cancelled
1583,64,9,2025-02-14,Amazon,5,109.74,completed
1584,299,9,2025-09-01,eBay,3,109.74,completed
1585,235,7,2025-07-12,Website,5,112.57,completed
1586,490,14,2025-11-24,eBay,4,86.37,refunded
1587,328,9,2025-10-12,Offline Trade,2,109.74,cancelled
1588,229,1,2025-04-13,Amazon,2,58.46,refunded
1589,3,16,2025-10-11,Offline Trade,3,17.01,completed
1590,261,14,2025-10-27,eBay,3,86.37,refunded
1591,110,1,2025-08-26,Amazon,5,58.46,completed
1592,263,8,2025-03-20,eBay,1,68.99,completed
1593,306,2,2025-03-05,eBay,4,40.62,refunded
1594,418,8,2025-09-09,Amazon,2,68.99,completed
1595,48,7,2025-05-22,Offline Trade,1,112.57,completed
1596,39,7,2025-07-05,Offline Trade,5,112.57,cancelled
1597,192,15,2025-05-13,Offline Trade,4,64.05,completed
1598,165,3,2025-09-20,Website,3,87.18,completed
1599,144,1,2025-10-25,Website,2,58.46,completed
1600,186,16,2025-08-25,Amazon,3,17.01,completed
1601,438,4,2025-01-28,eBay,2,58.85,completed
1602,213,14,2025-11-22,eBay,4,86.37,completed
1603,277,10,2025-05-30,Website,3,16.0,cancelled
1604,371,12,2025-11-18,Amazon,2,71.75,completed
1605,446,5,2025-03-27,eBay,5,111.48,completed
1606,45,14,2025-05-19,eBay,3,86.37,completed
1607,450,2,2025-10-24,eBay,5,40.62,completed
1608,290,10,2025-03-12,eBay,1,16.0,completed
1609,20,16,2025-07-30,eBay,4,17.01,completed
1610,470,5,2025-04-22,Amazon,1,111.48,cancelled
1611,21,8,2025-04-07,Website,2,68.99,refunded
1612,500,5,2025-02-09,Website,4,111.48,completed
1613,366,5,2025-09-03,eBay,1,111.48,completed
1614,313,5,2025-03-13,Offline Trade,3,111.48,cancelled
1615,399,3,2025-06-25,Amazon,5,87.18,completed
1616,380,14,2025-03-02,Amazon,1,86.37,completed
1617,378,16,2025-12-19,Amazon,2,17.01,completed
1618,273,12,2025-04-18,Amazon,2,71.75,completed
1619,307,9,2025-12-20,Website,4,109.74,completed
1620,451,16,2025-09-05,Offline Trade,1,17.01,completed
1621,230,5,2025-02-25,Website,2,111.48,cancelled
1622,43,13,2025-01-31,Offline Trade,5,21.93,completed
1623,89,4,2025-01-23,Website,3,58.85,completed
1624,56,2,2025-02-19,Website,1,40.62,cancelled
1625,15,4,2025-10-28,Amazon,2,58.85,completed
1626,100,2,2025-01-15,Website,3,40.62,completed
1627,475,15,2025-10-24,eBay,3,64.05,completed
1628,192,4,2025-09-14,Amazon,2,58.85,cancelled
1629,85,14,2025-02-04,Website,5,86.37,cancelled
1630,331,13,2025-09-28,Amazon,1,21.93,completed
1631,80,14,2025-03-29,Website,3,86.37,completed
1632,86,3,2025-09-16,Offline Trade,2,87.18,completed
1633,499,14,2025-04-05,Offline Trade,5,86.37,completed
1634,481,11,2025-07-01,Offline Trade,2,42.45,refunded
1635,6,6,2025-09-21,Amazon,2,78.01,refunded
1636,398,3,2025-06-10,Website,1,87.18,refunded
1637,310,12,2025-09-24,Amazon,1,71.75,refunded
1638,441,3,2025-12-27,eBay,3,87.18,cancelled
1639,111,4,2025-02-12,eBay,1,58.85,refunded
1640,240,16,2025-07-17,eBay,1,17.01,refunded
1641,177,6,2025-06-09,Offline Trade,5,78.01,completed
1642,370,8,2025-07-28,eBay,5,68.99,refunded
1643,327,10,2025-02-05,Offline Trade,2,16.0,completed
1644,131,4,2025-01-07,Offline Trade,2,58.85,completed
1645,10,5,2025-08-13,Website,4,111.48,completed
1646,78,10,2025-07-22,Offline Trade,2,16.0,cancelled
1647,273,2,2025-03-28,Website,1,40.62,completed
1648,493,6,2025-06-23,Amazon,2,78.01,cancelled
1649,18,9,2025-03-04,Amazon,4,109.74,refunded
1650,474,4,2025-05-23,eBay,4,58.85,refunded
1651,23,10,2025-09-01,Offline Trade,3,16.0,refunded
1652,230,6,2025-05-23,Amazon,5,78.01,refunded
1653,432,16,2025-03-04,eBay,1,17.01,refunded
1654,292,12,2025-04-29,Amazon,4,71.75,completed
1655,396,2,2025-01-28,Website,1,40.62,refunded
1656,346,2,2025-04-02,Offline Trade,1,40.62,cancelled
1657,376,9,2025-03-20,eBay,3,109.74,cancelled
1658,258,13,2025-02-19,Website,5,21.93,cancelled
1659,254,10,2025-08-27,Amazon,4,16.0,completed
1660,39,8,2025-09-09,eBay,4,68.99,cancelled
1661,264,16,2025-10-04,Website,3,17.01,completed
1662,463,16,2025-03-02,Offline Trade,4,17.01,refunded
1663,6,9,2025-07-12,Offline Trade,3,109.74,refunded
1664,46,2,2025-01-17,Amazon,1,40.62,cancelled
1665,490,15,2025-12-28,Amazon,3,64.05,refunded
1666,402,12,2025-03-10,eBay,4,71.75,refunded
1667,68,16,2025-02-26,Offline Trade,4,17.01,cancelled
1668,465,10,2025-10-20,Offline Trade,5,16.0,refunded
1669,356,15,2025-03-22,Website,5,64.05,refunded
1670,79,5,2025-09-11,Offline Trade,3,111.48,cancelled
1671,1,13,2025-05-26,eBay,3,21.93,completed
1672,315,11,2025-10-30,Website,1,42.45,completed
1673,284,12,2025-06-28,Website,3,71.75,completed
1674,247,4,2025-02-19,Offline Trade,4,58.85,completed
1675,447,12,2025-07-30,eBay,3,71.75,completed
1676,251,5,2025-05-07,Amazon,2,111.48,completed
1677,9,7,2025-02-13,Website,5,112.57,completed
1678,401,16,2025-06-22,Amazon,1,17.01,completed
1679,311,12,2025-06-16,Website,5,71.75,refunded
1680,22,1,2025-10-18,Offline Trade,4,58.46,completed
1681,51,6,2025-12-23,Offline Trade,1,78.01,cancelled
1682,101,10,2025-06-12,Offline Trade,1,16.0,cancelled
1683,98,3,2025-06-15,Website,4,87.18,refunded
1684,311,1,2025-12-20,Amazon,1,58.46,completed
1685,98,16,2025-09-15,eBay,4,17.01,completed
1686,20,2,2025-06-03,eBay,5,40.62,refunded
1687,492,16,2025-09-12,Website,2,17.01,cancelled
1688,294,14,2025-05-28,eBay,2,86.37,completed
1689,383,3,2025-10-21,Offline Trade,3,87.18,completed
1690,36,12,2025-02-17,Website,5,71.75,cancelled
1691,226,9,2025-05-20,Website,3,109.74,cancelled
1692,166,9,2025-09-01,Offline Trade,5,109.74,completed
1693,258,1,2025-02-09,eBay,3,58.46,cancelled
1694,247,1,2025-08-10,eBay,3,58.46,completed
1695,406,14,2025-07-25,eBay,4,86.37,cancelled
1696,319,16,2025-08-21,Amazon,5,17.01,completed
1697,324,15,2025-04-06,Offline Trade,5,64.05,completed
1698,363,10,2025-05-18,Offline Trade,4,16.0,cancelled
1699,307,1,2025-09-25,Amazon,1,58.46,completed
1700,222,4,2025-03-17,Amazon,4,58.85,completed
1701,316,4,2025-08-11,Offline Trade,3,58.85,completed
1702,202,9,2025-11-21,Amazon,1,109.74,refunded
1703,208,1,2025-05-27,Amazon,3,58.46,completed
1704,248,5,2025-05-01,Offline Trade,5,111.48,completed
1705,451,7,2025-03-18,Amazon,1,112.57,completed
1706,273,11,2025-06-08,Offline Trade,2,42.45,refunded
1707,340,15,2025-08-12,Offline Trade,5,64.05,completed
1708,262,5,2025-03-23,eBay,2,111.48,completed
1709,37,2,2025-05-13,eBay,1,40.62,cancelled
1710,490,3,2025-11-26,Website,2,87.18,refunded
1711,261,16,2025-01-29,Website,1,17.01,completed
1712,142,3,2025-06-02,Website,5,87.18,refunded
1713,299,5,2025-12-10,Website,3,111.48,refunded
1714,130,2,2025-05-01,Website,2,40.62,cancelled
1715,491,14,2025-03-03,eBay,5,86.37,refunded
1716,448,9,2025-05-02,Website,1,109.74,completed
1717,163,8,2025-10-27,Offline Trade,3,68.99,completed
1718,187,15,2025-04-22,Amazon,4,64.05,completed
1719,212,13,2025-04-20,eBay,2,21.93,refunded
1720,372,10,2025-05-11,Website,4,16.0,refunded
1721,294,12,2025-07-11,Website,5,71.75,completed
1722,468,15,2025-08-05,Offline Trade,5,64.05,completed
1723,313,4,2025-03-16,eBay,3,58.85,refunded
1724,167,3,2025-06-07,Website,3,87.18,cancelled
1725,235,13,2025-12-06,Website,1,21.93,completed
1726,261,16,2025-10-10,Offline Trade,3,17.01,completed
1727,157,14,2025-12-17,Website,3,86.37,cancelled
1728,311,8,2025-08-15,Offline Trade,2,68.99,completed
1729,438,12,2025-05-11,eBay,4,71.75,completed
1730,65,1,2025-06-02,Amazon,2,58.46,completed
1731,377,16,2025-11-20,eBay,4,17.01,refunded
1732,378,8,2025-05-21,Website,1,68.99,refunded
1733,361,15,2025-07-31,eBay,4,64.05,refunded
1734,299,14,2025-03-24,eBay,1,86.37,cancelled
1735,489,14,2025-06-30,Offline Trade,1,86.37,cancelled
1736,261,9,2025-06-17,Offline Trade,5,109.74,completed
1737,245,7,2025-11-25,Amazon,1,112.57,refunded
1738,327,9,2025-01-02,Offline Trade,2,109.74,completed
1739,303,6,2025-06-10,Website,3,78.01,completed
1740,384,11,2025-05-08,Amazon,2,42.45,cancelled
1741,397,6,2025-06-13,Offline Trade,4,78.01,refunded
1742,477,10,2025-05-14,Amazon,2,16.0,cancelled
1743,76,15,2025-05-25,Amazon,3,64.05,completed
1744,15,6,2025-07-08,Amazon,4,78.01,refunded
1745,70,6,2025-10-20,Amazon,4,78.01,completed
1746,436,16,2025-10-13,Amazon,1,17.01,completed
1747,454,10,2025-04-12,eBay,4,16.0,completed
1748,330,3,2025-07-25,Offline Trade,1,87.18,cancelled
1749,226,12,2025-03-18,Website,3,71.75,completed
1750,373,9,2025-10-18,Website,2,109.74,completed
1751,382,11,2025-08-11,Offline Trade,5,42.45,refunded
1752,222,14,2025-04-25,Amazon,1,86.37,completed
1753,91,5,2025-05-28,Offline Trade,3,111.48,refunded
1754,454,13,2025-08-09,Amazon,2,21.93,cancelled
1755,16,3,2025-05-25,Amazon,2,87.18,refunded
1756,173,12,2025-07-29,Amazon,2,71.75,completed
1757,432,16,2025-05-15,Amazon,3,17.01,cancelled
1758,336,12,2025-05-08,eBay,4,71.75,cancelled
1759,16,16,2025-02-13,Website,4,17.01,refunded
1760,43,5,2025-06-15,Offline Trade,2,111.48,completed
1761,187,6,2025-12-29,Offline Trade,4,78.01,cancelled
1762,43,14,2025-02-07,Website,3,86.37,cancelled
1763,440,13,2025-01-27,eBay,1,21.93,completed
1764,336,11,2025-07-01,Website,4,42.45,completed
1765,500,13,2025-09-16,Offline Trade,3,21.93,completed
1766,385,10,2025-12-10,eBay,4,16.0,completed
1767,351,8,2025-01-22,Amazon,5,68.99,completed
1768,12,8,2025-09-15,Offline Trade,2,68.99,completed
1769,151,6,2025-03-09,Website,4,78.01,completed
1770,465,8,2025-08-10,Amazon,5,68.99,completed
1771,356,3,2025-06-10,Website,1,87.18,completed
1772,490,5,2025-05-24,eBay,4,111.48,refunded
1773,465,6,2025-05-15,eBay,3,78.01,cancelled
1774,454,8,2025-08-12,Amazon,3,68.99,completed
1775,481,16,2025-03-19,Offline Trade,4,17.01,completed
1776,335,1,2025-03-18,Website,2,58.46,completed
1777,74,15,2025-01-19,Offline Trade,2,64.05,completed
1778,249,12,2025-12-28,Offline Trade,2,71.75,refunded
1779,107,11,2025-09-11,Website,1,42.45,refunded
1780,226,12,2025-12-30,Offline Trade,3,71.75,refunded
1781,479,1,2025-02-27,Amazon,4,58.46,completed
1782,76,9,2025-02-17,Amazon,3,109.74,completed
1783,92,14,2025-03-28,eBay,2,86.37,cancelled
1784,72,2,2025-04-19,Website,5,40.62,cancelled
1785,312,4,2025-04-03,Offline Trade,5,58.85,completed
1786,194,13,2025-09-13,Website,2,21.93,completed
1787,86,8,2025-05-26,Website,1,68.99,refunded
1788,117,13,2025-10-30,Website,3,21.93,completed
1789,360,10,2025-01-15,Website,2,16.0,refunded
1790,134,4,2025-08-21,eBay,4,58.85,cancelled
1791,333,13,2025-06-18,Website,1,21.93,cancelled
1792,396,9,2025-06-16,Amazon,4,109.74,completed
1793,92,12,2025-11-26,eBay,1,71.75,completed
1794,87,13,2025-02-06,Offline Trade,1,21.93,completed
1795,127,3,2025-05-11,Amazon,4,87.18,completed
1796,478,8,2025-02-15,Website,4,68.99,completed
1797,178,3,2025-07-18,Offline Trade,2,87.18,completed
1798,365,9,2025-03-03,eBay,2,109.74,refunded
1799,335,3,2025-06-08,Amazon,4,87.18,completed
1800,45,2,2025-07-08,Amazon,1,40.62,refunded
1801,81,15,2025-07-18,Offline Trade,4,64.05,completed
1802,64,11,2025-11-04,Offline Trade,5,42.45,completed
1803,325,15,2025-07-08,Amazon,4,64.05,refunded
1804,235,13,2025-02-17,Website,4,21.93,cancelled
1805,66,6,2025-08-26,Amazon,3,78.01,completed
1806,366,5,2025-09-27,Website,4,111.48,completed
1807,52,15,2025-08-12,Website,4,64.05,refunded
1808,52,6,2025-03-18,Amazon,3,78.01,completed
1809,223,10,2025-09-25,Offline Trade,2,16.0,completed
1810,210,9,2025-01-25,Website,5,109.74,completed
1811,493,1,2025-02-25,Offline Trade,5,58.46,refunded
1812,179,2,2025-08-26,eBay,1,40.62,completed
1813,305,4,2025-10-27,Website,3,58.85,cancelled
1814,368,16,2025-02-28,Offline Trade,1,17.01,completed
1815,185,6,2025-07-21,Website,2,78.01,completed
1816,119,14,2025-12-27,eBay,4,86.37,completed
1817,18,3,2025-08-21,Offline Trade,5,87.18,cancelled
1818,43,4,2025-06-24,Amazon,3,58.85,completed
1819,456,4,2025-02-10,eBay,2,58.85,completed
1820,233,12,2025-10-01,Website,4,71.75,completed
1821,78,5,2025-03-01,Website,4,111.48,completed
1822,173,7,2025-08-24,Offline Trade,4,112.57,cancelled
1823,393,4,2025-06-05,eBay,4,58.85,refunded
1824,462,12,2025-02-14,Amazon,3,71.75,completed
1825,417,5,2025-04-08,Website,1,111.48,completed
1826,10,10,2025-01-14,Amazon,2,16.0,refunded
1827,410,2,2025-11-29,Amazon,2,40.62,refunded
1828,216,3,2025-04-08,Website,5,87.18,completed
1829,24,10,2025-03-17,Offline Trade,4,16.0,refunded
1830,215,13,2025-03-01,Amazon,1,21.93,completed
1831,145,12,2025-09-06,Offline Trade,4,71.75,completed
1832,462,16,2025-10-27,Amazon,4,17.01,completed
1833,476,8,2025-10-19,Offline Trade,3,68.99,completed
1834,175,6,2025-01-05,Website,3,78.01,refunded
1835,237,2,2025-09-11,eBay,4,40.62,completed
1836,389,13,2025-07-24,Offline Trade,4,21.93,cancelled
1837,192,3,2025-11-10,Offline Trade,5,87.18,completed
1838,247,3,2025-09-28,Website,1,87.18,refunded
1839,271,3,2025-06-11,Website,5,87.18,completed
1840,48,14,2025-08-31,Website,4,86.37,refunded
1841,250,13,2025-11-27,eBay,5,21.93,refunded
1842,51,9,2025-01-11,Amazon,4,109.74,completed
1843,226,14,2025-08-29,eBay,2,86.37,refunded
1844,497,3,2025-09-17,Amazon,2,87.18,cancelled
1845,49,8,2025-11-05,Offline Trade,3,68.99,completed
1846,72,1,2025-12-31,Offline Trade,3,58.46,refunded
1847,378,10,2025-08-30,Amazon,3,16.0,cancelled
1848,33,14,2025-05-25,Website,2,86.37,refunded
1849,17,2,2025-03-30,Amazon,2,40.62,completed
1850,137,7,2025-09-09,Website,5,112.57,refunded
1851,128,12,2025-06-05,Amazon,4,71.75,completed
1852,334,12,2025-01-25,Website,5,71.75,completed
1853,63,7,2025-07-02,Amazon,3,112.57,completed
1854,327,3,2025-01-17,Website,5,87.18,completed
1855,390,11,2025-02-28,Amazon,4,42.45,completed
1856,391,16,2025-04-25,Offline Trade,5,17.01,completed
1857,176,13,2025-07-01,Website,3,21.93,cancelled
1858,428,11,2025-03-19,Website,3,42.45,completed
1859,171,7,2025-08-23,Website,4,112.57,completed
1860,390,6,2025-11-09,Website,5,78.01,cancelled
1861,133,9,2025-09-17,Website,1,109.74,completed
1862,471,15,2025-04-16,eBay,1,64.05,completed
1863,91,4,2025-12-29,Offline Trade,3,58.85,cancelled
1864,164,7,2025-02-20,Amazon,4,112.57,completed
1865,12,15,2025-03-12,Website,3,64.05,completed
1866,243,3,2025-08-01,Website,4,87.18,completed
1867,7,2,2025-06-24,eBay,4,40.62,cancelled
1868,38,2,2025-02-13,eBay,2,40.62,completed
1869,131,2,2025-07-04,Amazon,4,40.62,completed
1870,127,16,2025-08-04,Amazon,5,17.01,completed
1871,418,9,2025-07-31,Offline Trade,4,109.74,refunded
1872,148,16,2025-12-16,eBay,5,17.01,completed
1873,188,16,2025-03-16,Website,4,17.01,cancelled
1874,200,1,2025-02-13,eBay,1,58.46,completed
1875,41,9,2025-03-26,Offline Trade,4,109.74,completed
1876,62,5,2025-01-19,Amazon,4,111.48,cancelled
1877,217,4,2025-11-20,eBay,1,58.85,refunded
1878,4,16,2025-12-15,eBay,4,17.01,completed
1879,192,8,2025-01-05,eBay,3,68.99,cancelled
1880,415,10,2025-03-17,Offline Trade,5,16.0,refunded
1881,92,15,2025-10-06,Offline Trade,2,64.05,completed
1882,477,9,2025-04-12,eBay,4,109.74,completed
1883,307,14,2025-10-03,eBay,1,86.37,refunded
1884,49,9,2025-09-24,eBay,2,109.74,completed
1885,323,5,2025-09-19,eBay,1,111.48,cancelled
1886,173,8,2025-11-22,Amazon,3,68.99,completed
1887,66,10,2025-10-04,eBay,1,16.0,completed
1888,129,4,2025-08-05,Website,3,58.85,completed
1889,499,4,2025-05-13,eBay,3,58.85,completed
1890,38,10,2025-11-30,Website,1,16.0,refunded
1891,305,10,2025-10-21,Website,3,16.0,refunded
1892,486,4,2025-05-01,Amazon,3,58.85,completed
1893,275,8,2025-05-26,Amazon,3,68.99,refunded
1894,337,11,2025-05-07,Website,5,42.45,completed
1895,339,5,2025-10-26,Amazon,5,111.48,completed
1896,149,10,2025-02-20,Amazon,4,16.0,refunded
1897,84,13,2025-02-11,Website,4,21.93,completed
1898,344,9,2025-03-08,Offline Trade,4,109.74,completed
1899,334,3,2025-02-09,eBay,4,87.18,cancelled
1900,287,4,2025-10-29,Offline Trade,4,58.85,completed
1901,402,4,2025-09-13,Offline Trade,5,58.85,refunded
1902,285,10,2025-08-02,Amazon,4,16.0,completed
1903,348,12,2025-03-07,Offline Trade,5,71.75,refunded
1904,398,7,2025-12-27,Website,2,112.57,completed
1905,478,3,2025-08-31,Website,4,87.18,completed
1906,372,13,2025-07-09,Website,5,21.93,cancelled
1907,395,10,2025-02-26,Website,4,16.0,completed
1908,3,6,2025-05-29,Website,5,78.01,cancelled
1909,101,15,2025-03-02,eBay,2,64.05,completed
1910,420,14,2025-06-05,eBay,3,86.37,refunded
1911,411,11,2025-03-15,Amazon,1,42.45,cancelled
1912,63,12,2025-01-25,eBay,4,71.75,completed
1913,319,13,2025-04-04,Offline Trade,2,21.93,completed
1914,266,6,2025-10-08,eBay,1,78.01,completed
1915,280,7,2025-08-02,Offline Trade,1,112.57,cancelled
1916,389,4,2025-10-17,Offline Trade,3,58.85,completed
1917,38,12,2025-09-01,Amazon,4,71.75,completed
1918,482,16,2025-11-22,Offline Trade,5,17.01,refunded
1919,383,7,2025-03-18,eBay,4,112.57,completed
1920,205,15,2025-12-07,Offline Trade,5,64.05,refunded
1921,61,6,2025-07-22,eBay,2,78.01,cancelled
1922,14,10,2025-12-10,Offline Trade,1,16.0,completed
1923,445,4,2025-03-26,Website,1,58.85,cancelled
1924,32,9,2025-10-15,Website,3,109.74,cancelled
1925,251,1,2025-04-09,Website,1,58.46,cancelled
1926,178,5,2025-04-07,Offline Trade,5,111.48,cancelled
1927,171,12,2025-03-03,Amazon,1,71.75,completed
1928,14,8,2025-04-16,Amazon,3,68.99,cancelled
1929,330,13,2025-02-13,eBay,4,21.93,refunded
1930,19,13,2025-01-24,Offline Trade,5,21.93,completed
1931,62,2,2025-08-12,Amazon,3,40.62,refunded
1932,182,15,2025-09-28,eBay,1,64.05,refunded
1933,409,11,2025-02-16,Website,3,42.45,completed
1934,394,4,2025-03-28,eBay,5,58.85,completed
1935,1,2,2025-05-11,Website,2,40.62,completed
1936,377,13,2025-07-28,Amazon,3,21.93,completed
1937,90,8,2025-06-16,Amazon,5,68.99,completed
1938,428,16,2025-06-02,Offline Trade,1,17.01,completed
1939,56,9,2025-03-14,Offline Trade,3,109.74,completed
1940,45,3,2025-07-12,Website,3,87.18,completed
1941,168,9,2025-05-03,Amazon,2,109.74,refunded
1942,195,4,2025-09-16,Offline Trade,5,58.85,completed
1943,353,11,2025-02-01,eBay,3,42.45,refunded
1944,25,7,2025-07-28,Website,5,112.57,refunded
1945,94,13,2025-07-28,Amazon,1,21.93,completed
1946,493,13,2025-10-11,Website,3,21.93,completed
1947,461,11,2025-11-30,Amazon,5,42.45,completed
1948,492,4,2025-07-28,Offline Trade,5,58.85,completed
1949,75,15,2025-04-15,Amazon,5,64.05,completed
1950,145,14,2025-03-28,Amazon,5,86.37,cancelled
1951,498,15,2025-10-12,Offline Trade,4,64.05,completed
1952,32,10,2025-08-26,eBay,1,16.0,completed
1953,183,3,2025-01-31,Offline Trade,1,87.18,completed
1954,61,13,2025-05-09,Offline Trade,5,21.93,completed
1955,425,9,2025-10-27,eBay,2,109.74,completed
1956,397,15,2025-10-01,Website,2,64.05,completed
1957,127,5,2025-07-22,Website,1,111.48,completed
1958,262,5,2025-05-24,Offline Trade,5,111.48,completed
1959,182,8,2025-09-16,eBay,5,68.99,completed
1960,150,3,2025-12-29,Offline Trade,3,87.18,completed
1961,496,13,2025-12-06,eBay,2,21.93,completed
1962,205,7,2025-08-24,eBay,2,112.57,completed
1963,369,1,2025-11-27,Website,2,58.46,cancelled
1964,362,3,2025-01-03,Website,4,87.18,completed
1965,281,5,2025-10-12,Offline Trade,4,111.48,refunded
1966,395,9,2025-02-11,Website,5,109.74,cancelled
1967,334,13,2025-12-10,Offline Trade,1,21.93,completed
1968,479,5,2025-07-12,eBay,3,111.48,refunded
1969,499,6,2025-12-23,Website,2,78.01,completed
1970,234,15,2025-07-09,Amazon,4,64.05,refunded
1971,426,8,2025-04-24,Website,1,68.99,completed
1972,318,3,2025-04-09,Website,3,87.18,cancelled
1973,355,9,2025-04-24,Amazon,3,109.74,refunded
1974,398,11,2025-01-19,eBay,3,42.45,refunded
1975,64,9,2025-04-18,Website,5,109.74,completed
1976,159,7,2025-02-26,eBay,4,112.57,cancelled
1977,124,14,2025-09-10,Amazon,5,86.37,cancelled
1978,453,3,2025-12-04,Amazon,2,87.18,completed
1979,486,13,2025-03-07,Website,5,21.93,completed
1980,189,15,2025-10-19,Amazon,3,64.05,cancelled
1981,310,1,2025-04-09,Website,3,58.46,cancelled
1982,424,14,2025-05-10,Offline Trade,5,86.37,completed
1983,303,5,2025-11-25,Website,4,111.48,completed
1984,233,14,2025-07-28,eBay,4,86.37,completed
1985,40,1,2025-08-27,Offline Trade,5,58.46,completed
1986,174,15,2025-01-23,Amazon,5,64.05,completed
1987,111,11,2025-08-04,Offline Trade,3,42.45,completed
1988,364,5,2025-07-20,Amazon,1,111.48,completed
1989,28,9,2025-10-20,Website,1,109.74,completed
1990,70,9,2025-02-08,Amazon,4,109.74,completed
1991,436,15,2025-06-18,eBay,2,64.05,completed
1992,216,13,2025-01-15,Offline Trade,1,21.93,refunded
1993,199,9,2025-10-31,eBay,1,109.74,completed
1994,7,3,2025-02-25,Offline Trade,2,87.18,completed
1995,231,5,2025-01-28,eBay,3,111.48,cancelled
1996,367,6,2025-02-07,Offline Trade,2,78.01,completed
1997,73,2,2025-10-24,Website,4,40.62,completed
1998,147,6,2025-01-18,Offline Trade,1,78.01,completed
1999,38,4,2025-03-07,Website,1,58.85,refunded
2000,67,8,2025-06-04,Offline Trade,1,68.99,completed
